user_id,place_id,rating
1,15,3
1,25,3
1,16,3
1,1,3
1,88,3
1,82,3
1,2,3
1,79,3
1,105,3
1,52,3
2,73,3
2,68,3
2,89,3
2,106,2
2,46,3
2,60,2
2,50,3
2,19,5
2,91,4
2,26,3
3,51,3
3,47,3
3,88,3
3,64,3
3,14,4
3,21,4
3,89,3
3,65,3
3,72,3
3,44,3
4,71,3
4,88,3
4,63,4
4,49,3
4,82,4
4,79,3
4,10,3
4,43,3
4,45,3
4,73,4
5,51,3
5,34,3
5,4,3
5,92,3
5,35,3
5,65,3
5,75,3
5,93,3
5,62,3
5,91,3
6,9,5
6,94,5
6,14,3
6,34,5
6,36,3
6,46,3
6,44,5
6,32,3
6,17,3
6,13,3
7,46,3
7,101,3
7,79,3
7,25,3
7,11,5
7,10,3
7,22,3
7,39,3
7,38,3
7,6,3
8,35,3
8,31,2
8,75,5
8,36,3
8,14,3
8,90,3
8,59,5
8,45,5
8,39,5
8,50,3
9,82,3
9,75,3
9,80,3
9,54,3
9,20,3
9,92,3
9,4,3
9,69,3
9,76,4
9,90,2
10,20,3
10,66,3
10,17,5
10,64,3
10,88,3
10,97,3
10,100,3
10,94,3
10,75,3
10,33,4
11,15,3
11,91,3
11,11,3
11,75,3
11,32,3
11,62,3
11,105,3
11,16,3
11,37,3
11,6,4
12,77,4
12,79,3
12,72,3
12,45,3
12,58,5
12,15,3
12,94,3
12,42,3
12,14,5
12,3,3
13,18,3
13,98,3
13,94,3
13,82,3
13,105,2
13,12,3
13,63,4
13,106,3
13,67,3
13,33,3
14,88,3
14,38,3
14,14,3
14,107,3
14,23,3
14,99,3
14,9,5
14,91,3
14,50,3
14,94,5
15,85,3
15,98,3
15,13,3
15,63,3
15,103,3
15,70,3
15,76,4
15,6,5
15,81,5
15,79,2
16,37,3
16,74,3
16,106,3
16,56,3
16,66,3
16,17,3
16,53,3
16,108,3
16,23,3
16,86,3
17,83,2
17,35,2
17,2,3
17,38,3
17,37,3
17,101,3
17,73,3
17,70,3
17,94,3
17,89,3
18,108,3
18,2,3
18,31,3
18,10,2
18,8,2
18,66,3
18,101,3
18,46,3
18,63,3
18,59,3
19,78,3
19,1,4
19,87,3
19,4,3
19,21,3
19,49,3
19,105,3
19,84,3
19,63,2
19,28,3
20,42,3
20,1,5
20,60,5
20,63,3
20,78,5
20,39,3
20,10,3
20,86,3
20,24,3
20,36,5
21,87,3
21,58,3
21,96,3
21,74,3
21,23,3
21,33,2
21,31,3
21,86,4
21,15,3
21,89,3
22,26,2
22,24,3
22,74,3
22,91,3
22,4,3
22,31,3
22,32,3
22,81,3
22,61,3
22,50,3
23,31,3
23,4,3
23,73,3
23,104,3
23,50,4
23,91,3
23,48,3
23,9,5
23,61,5
23,35,3
24,82,3
24,90,3
24,31,3
24,52,3
24,68,3
24,8,3
24,44,3
24,11,3
24,101,3
24,93,2
25,39,3
25,20,2
25,27,3
25,81,3
25,48,3
25,88,3
25,11,3
25,85,3
25,68,3
25,93,3
26,91,3
26,6,3
26,65,3
26,23,3
26,30,3
26,34,3
26,72,3
26,83,3
26,42,3
26,13,3
27,37,3
27,101,5
27,11,3
27,10,3
27,86,4
27,28,4
27,2,3
27,1,5
27,20,3
27,74,2
28,49,3
28,9,3
28,5,5
28,18,3
28,103,3
28,37,3
28,22,2
28,53,3
28,101,3
28,24,3
29,97,2
29,96,3
29,68,3
29,23,3
29,20,3
29,2,3
29,69,3
29,37,3
29,87,3
29,13,3
30,82,4
30,52,3
30,5,3
30,88,3
30,45,3
30,53,4
30,34,3
30,23,3
30,74,3
30,41,3
31,105,3
31,86,3
31,1,3
31,37,3
31,20,3
31,32,3
31,25,3
31,95,3
31,82,3
31,31,3
32,11,3
32,52,3
32,13,4
32,2,3
32,8,3
32,4,3
32,78,3
32,18,3
32,107,3
32,36,2
33,67,3
33,17,3
33,81,3
33,26,2
33,82,4
33,99,3
33,60,3
33,96,3
33,4,3
33,3,4
34,66,3
34,18,5
34,54,3
34,15,4
34,29,3
34,37,3
34,99,3
34,74,3
34,68,3
34,36,3
35,1,3
35,60,3
35,56,3
35,10,5
35,66,3
35,41,4
35,62,3
35,93,3
35,82,2
35,35,4
36,21,3
36,87,3
36,65,3
36,3,3
36,4,5
36,43,3
36,22,3
36,63,3
36,72,4
36,97,3
37,47,3
37,51,3
37,23,3
37,59,3
37,35,3
37,84,3
37,77,3
37,11,3
37,92,4
37,1,3
38,34,3
38,19,3
38,55,3
38,1,3
38,86,3
38,56,2
38,31,3
38,63,3
38,57,3
38,85,3
39,5,3
39,83,3
39,32,3
39,52,2
39,38,3
39,104,3
39,14,3
39,70,3
39,21,3
39,40,4
40,48,3
40,45,3
40,69,3
40,14,3
40,17,3
40,2,3
40,6,3
40,25,4
40,37,3
40,7,3
41,92,4
41,73,3
41,36,4
41,98,3
41,28,2
41,89,3
41,60,3
41,16,3
41,62,3
41,63,3
42,24,3
42,101,3
42,13,3
42,84,3
42,44,3
42,37,3
42,104,3
42,19,3
42,54,3
42,52,2
43,19,3
43,41,3
43,42,2
43,98,3
43,84,4
43,15,3
43,60,3
43,63,3
43,101,3
43,36,3
44,8,2
44,69,3
44,61,3
44,96,3
44,23,3
44,49,3
44,15,2
44,107,3
44,9,3
44,38,4
45,57,3
45,46,3
45,76,3
45,6,3
45,93,3
45,13,5
45,69,3
45,11,3
45,107,3
45,100,3
46,58,4
46,72,3
46,29,3
46,68,2
46,53,3
46,23,3
46,99,3
46,11,3
46,19,4
46,76,3
47,30,5
47,34,5
47,98,3
47,14,3
47,21,5
47,38,3
47,87,3
47,66,5
47,13,2
47,5,3
48,10,2
48,49,3
48,101,2
48,60,3
48,1,3
48,89,3
48,28,3
48,85,3
48,51,3
48,5,3
49,58,3
49,61,3
49,24,3
49,96,3
49,8,3
49,70,3
49,27,3
49,22,3
49,82,3
49,63,3
50,16,3
50,103,3
50,59,4
50,90,2
50,3,3
50,62,3
50,54,3
50,85,3
50,68,3
50,72,3
51,51,4
51,81,3
51,44,5
51,63,2
51,76,3
51,86,3
51,104,3
51,64,3
51,16,3
51,24,2
52,27,4
52,84,3
52,8,3
52,5,3
52,51,5
52,45,5
52,62,3
52,14,3
52,29,5
52,41,5
53,98,3
53,101,3
53,47,2
53,29,4
53,86,3
53,90,3
53,34,3
53,5,5
53,53,3
53,48,2
54,16,5
54,105,3
54,54,3
54,30,2
54,92,3
54,9,3
54,8,5
54,89,2
54,97,3
54,108,3
55,8,4
55,90,3
55,64,3
55,36,3
55,34,3
55,52,4
55,73,2
55,50,3
55,92,3
55,48,3
56,103,3
56,57,3
56,19,3
56,77,3
56,80,3
56,51,3
56,106,2
56,74,3
56,37,3
56,53,3
57,26,3
57,14,3
57,40,3
57,97,3
57,6,3
57,27,3
57,99,3
57,81,3
57,91,3
57,31,3
58,20,3
58,101,5
58,83,3
58,72,3
58,98,3
58,41,3
58,18,2
58,1,5
58,8,3
58,81,5
59,81,3
59,64,3
59,8,3
59,87,2
59,9,3
59,59,3
59,96,3
59,71,3
59,23,3
59,35,3
60,39,4
60,55,4
60,26,3
60,77,4
60,97,3
60,60,3
60,37,3
60,29,3
60,107,3
60,54,4
61,55,4
61,90,3
61,1,3
61,26,3
61,74,3
61,31,3
61,88,3
61,82,2
61,48,3
61,92,3
62,49,4
62,66,5
62,77,3
62,2,5
62,84,3
62,42,3
62,38,3
62,89,4
62,41,5
62,67,3
63,100,3
63,77,3
63,58,3
63,53,3
63,50,3
63,80,3
63,96,3
63,78,3
63,37,3
63,30,3
64,75,3
64,32,4
64,96,3
64,93,3
64,3,3
64,68,4
64,22,3
64,105,3
64,82,3
64,101,3
65,34,3
65,31,3
65,24,3
65,66,3
65,67,3
65,90,4
65,45,2
65,65,4
65,102,3
65,56,3
66,54,4
66,25,3
66,91,3
66,2,3
66,40,3
66,78,3
66,20,5
66,44,4
66,19,5
66,63,3
67,62,3
67,37,3
67,92,3
67,97,4
67,94,3
67,80,3
67,46,4
67,59,3
67,50,3
67,51,3
68,70,4
68,39,3
68,50,3
68,26,3
68,9,3
68,69,3
68,28,3
68,31,3
68,55,5
68,102,3
69,20,3
69,3,2
69,9,3
69,46,3
69,105,3
69,104,3
69,4,3
69,85,4
69,1,3
69,38,3
70,102,3
70,3,3
70,60,3
70,9,3
70,58,4
70,35,3
70,42,3
70,62,2
70,63,3
70,37,3
71,20,3
71,102,3
71,33,3
71,57,3
71,24,3
71,41,2
71,23,3
71,61,4
71,39,2
71,99,3
72,67,3
72,34,3
72,32,3
72,42,3
72,28,4
72,25,3
72,16,3
72,73,3
72,3,3
72,2,2
73,50,3
73,49,3
73,107,3
73,27,3
73,69,3
73,11,3
73,77,3
73,98,3
73,96,3
73,36,3
74,50,3
74,31,4
74,62,3
74,71,3
74,11,3
74,107,3
74,75,3
74,108,3
74,44,3
74,106,3
75,33,2
75,22,3
75,7,3
75,39,3
75,29,3
75,49,3
75,51,3
75,99,3
75,104,3
75,103,3
76,72,4
76,95,3
76,108,3
76,31,3
76,80,5
76,57,5
76,88,3
76,101,5
76,3,3
76,64,3
77,107,2
77,55,3
77,73,3
77,58,3
77,46,3
77,2,3
77,67,3
77,18,3
77,36,3
77,1,3
78,2,3
78,51,3
78,84,3
78,93,3
78,107,3
78,87,3
78,78,3
78,76,3
78,91,3
78,71,3
79,71,3
79,27,3
79,72,3
79,47,3
79,6,5
79,67,3
79,39,3
79,13,3
79,79,3
79,68,3
80,6,3
80,25,3
80,5,3
80,77,3
80,27,3
80,108,4
80,75,3
80,93,3
80,2,3
80,18,5
81,65,4
81,42,3
81,52,3
81,24,3
81,73,3
81,37,3
81,5,3
81,49,4
81,98,3
81,20,3
82,40,3
82,65,3
82,104,3
82,84,3
82,74,5
82,42,3
82,87,3
82,44,5
82,85,3
82,73,3
83,62,3
83,58,3
83,99,3
83,98,2
83,76,3
83,84,4
83,106,3
83,36,3
83,86,3
83,53,3
84,105,3
84,106,3
84,18,3
84,67,2
84,103,3
84,61,3
84,99,3
84,39,3
84,98,3
84,36,3
85,41,5
85,7,3
85,37,5
85,88,3
85,52,3
85,78,3
85,33,5
85,84,3
85,64,3
85,56,2
86,106,3
86,27,4
86,56,3
86,93,2
86,74,5
86,46,3
86,47,3
86,44,5
86,8,3
86,66,5
87,77,5
87,73,3
87,79,3
87,54,3
87,102,3
87,35,5
87,92,5
87,6,5
87,50,4
87,56,3
88,1,3
88,94,4
88,97,3
88,74,3
88,104,2
88,19,3
88,73,3
88,8,3
88,33,3
88,81,3
89,20,3
89,91,3
89,2,3
89,82,3
89,66,3
89,90,3
89,31,3
89,14,2
89,23,3
89,56,3
90,83,3
90,49,3
90,29,3
90,85,3
90,34,3
90,93,3
90,52,4
90,56,3
90,103,3
90,36,3
91,69,3
91,7,3
91,59,3
91,105,3
91,44,4
91,94,3
91,98,3
91,108,3
91,40,3
91,67,3
92,25,3
92,28,3
92,97,3
92,29,4
92,2,3
92,60,5
92,17,3
92,103,3
92,66,3
92,84,5
93,106,3
93,2,3
93,13,3
93,75,3
93,46,3
93,37,3
93,33,4
93,57,3
93,78,3
93,18,3
94,8,3
94,105,3
94,72,3
94,60,3
94,31,3
94,91,3
94,93,2
94,39,5
94,76,3
94,88,2
95,54,3
95,58,3
95,62,3
95,24,3
95,19,3
95,52,3
95,49,3
95,59,3
95,79,4
95,9,3
96,69,3
96,77,3
96,81,3
96,38,4
96,1,3
96,56,3
96,39,3
96,23,3
96,102,3
96,83,3
97,69,3
97,81,3
97,11,3
97,54,4
97,19,3
97,43,3
97,101,3
97,35,3
97,78,3
97,4,3
98,103,3
98,2,3
98,71,3
98,47,3
98,53,3
98,44,3
98,81,3
98,101,3
98,83,3
98,104,3
99,51,3
99,50,3
99,91,3
99,92,3
99,64,3
99,22,3
99,60,2
99,71,3
99,44,3
99,35,3
100,10,4
100,53,3
100,22,3
100,61,5
100,78,3
100,31,3
100,60,3
100,79,3
100,47,3
100,98,3
101,90,3
101,50,3
101,92,3
101,81,2
101,71,3
101,60,3
101,1,3
101,54,3
101,38,3
101,27,3
102,71,3
102,20,4
102,85,3
102,38,3
102,93,3
102,4,3
102,88,3
102,25,3
102,81,3
102,86,3
103,47,3
103,92,3
103,1,3
103,51,3
103,108,3
103,88,4
103,9,3
103,26,3
103,100,3
103,14,3
104,11,3
104,90,4
104,104,3
104,77,3
104,106,3
104,103,3
104,76,3
104,33,5
104,1,3
104,34,5
105,62,3
105,36,3
105,92,3
105,33,3
105,103,3
105,38,3
105,24,2
105,98,3
105,102,3
105,11,5
106,35,3
106,92,3
106,79,3
106,2,3
106,24,4
106,63,3
106,108,2
106,22,3
106,37,3
106,75,3
107,85,2
107,73,3
107,46,4
107,12,3
107,45,3
107,52,4
107,68,3
107,27,3
107,34,3
107,81,3
108,58,4
108,33,3
108,6,5
108,70,3
108,104,5
108,25,3
108,27,4
108,107,4
108,8,3
108,90,5
109,11,3
109,83,3
109,85,3
109,12,2
109,1,3
109,4,3
109,38,3
109,33,3
109,37,3
109,52,3
110,55,3
110,75,3
110,11,3
110,59,3
110,106,3
110,51,3
110,27,3
110,45,3
110,38,3
110,94,3
111,27,3
111,69,3
111,63,2
111,52,2
111,90,3
111,96,3
111,75,3
111,99,4
111,57,3
111,82,3
112,93,3
112,74,4
112,24,3
112,79,3
112,28,3
112,12,5
112,9,3
112,63,3
112,33,3
112,78,2
113,25,3
113,48,3
113,53,3
113,12,3
113,74,2
113,6,3
113,98,3
113,47,2
113,78,4
113,69,3
114,61,3
114,91,3
114,18,3
114,45,3
114,3,4
114,42,3
114,101,5
114,78,5
114,89,3
114,35,5
115,37,4
115,61,3
115,43,2
115,41,3
115,88,3
115,59,3
115,94,2
115,104,3
115,96,3
115,100,3
116,94,3
116,80,3
116,12,3
116,5,3
116,40,4
116,89,2
116,92,3
116,84,3
116,22,3
116,23,4
117,37,2
117,100,2
117,105,3
117,45,3
117,3,3
117,83,4
117,58,3
117,95,3
117,86,3
117,87,2
118,90,3
118,41,3
118,34,3
118,103,3
118,51,3
118,57,3
118,102,3
118,22,3
118,35,3
118,96,3
119,37,3
119,58,3
119,15,2
119,104,3
119,100,3
119,73,3
119,22,3
119,72,3
119,66,4
119,108,3
120,64,2
120,63,3
120,74,3
120,7,3
120,3,3
120,9,3
120,100,2
120,33,3
120,52,3
120,79,3
121,96,3
121,86,3
121,55,3
121,99,2
121,47,3
121,95,3
121,60,3
121,14,3
121,44,2
121,101,3
122,52,3
122,44,3
122,18,3
122,99,3
122,8,3
122,9,2
122,81,3
122,92,4
122,62,3
122,78,3
123,7,3
123,25,3
123,32,3
123,1,3
123,81,3
123,45,3
123,3,3
123,30,3
123,69,3
123,80,3
124,68,3
124,12,3
124,78,3
124,34,3
124,102,3
124,37,3
124,30,3
124,42,3
124,65,3
124,39,2
125,90,3
125,27,3
125,65,3
125,72,3
125,87,4
125,29,4
125,42,3
125,3,5
125,48,2
125,32,3
126,38,3
126,42,2
126,28,3
126,31,3
126,51,5
126,61,5
126,101,3
126,7,2
126,44,4
126,104,2
127,99,5
127,20,3
127,70,3
127,65,3
127,55,5
127,50,3
127,13,3
127,12,3
127,28,2
127,85,4
128,40,5
128,5,3
128,36,5
128,85,3
128,79,3
128,78,5
128,62,5
128,37,3
128,70,3
128,18,2
129,22,3
129,9,5
129,82,2
129,14,3
129,85,3
129,26,3
129,21,5
129,49,3
129,11,3
129,83,3
130,81,4
130,52,3
130,74,3
130,101,3
130,47,3
130,56,3
130,36,3
130,79,2
130,108,3
130,102,3
131,7,5
131,102,3
131,38,3
131,32,3
131,21,3
131,33,3
131,55,3
131,53,3
131,87,3
131,59,2
132,14,3
132,16,4
132,80,3
132,91,3
132,10,3
132,50,3
132,107,3
132,62,3
132,48,2
132,38,3
133,80,3
133,16,3
133,92,3
133,56,3
133,90,3
133,29,5
133,10,3
133,34,5
133,4,3
133,21,5
134,20,3
134,63,3
134,64,3
134,15,5
134,43,2
134,41,5
134,103,3
134,65,4
134,90,3
134,72,3
135,32,3
135,70,3
135,79,3
135,2,3
135,51,3
135,72,3
135,6,4
135,105,2
135,7,3
135,71,3
136,56,3
136,68,3
136,66,3
136,1,5
136,104,5
136,30,3
136,54,3
136,81,5
136,49,3
136,21,4
137,23,3
137,8,3
137,41,3
137,78,3
137,101,3
137,55,3
137,81,3
137,89,3
137,35,3
137,34,3
138,72,3
138,105,3
138,29,5
138,60,3
138,32,3
138,99,3
138,106,2
138,10,3
138,37,5
138,51,5
139,106,3
139,76,3
139,1,3
139,78,3
139,19,3
139,29,3
139,89,3
139,12,4
139,66,2
139,41,3
140,63,3
140,61,3
140,18,3
140,96,3
140,104,5
140,89,3
140,69,4
140,11,3
140,94,3
140,5,3
141,88,3
141,49,3
141,50,3
141,16,4
141,78,3
141,2,3
141,5,4
141,30,3
141,10,3
141,18,5
142,48,3
142,21,2
142,74,3
142,17,3
142,86,3
142,58,3
142,45,3
142,44,3
142,69,3
142,67,3
143,76,3
143,15,3
143,4,3
143,74,3
143,35,3
143,81,3
143,96,3
143,59,3
143,101,3
143,7,3
144,35,5
144,3,2
144,76,3
144,38,5
144,67,3
144,62,5
144,93,3
144,66,3
144,70,3
144,97,3
145,28,3
145,80,3
145,77,3
145,65,3
145,50,3
145,21,3
145,96,3
145,57,3
145,14,3
145,2,3
146,8,3
146,1,3
146,89,5
146,50,3
146,88,4
146,77,3
146,36,3
146,74,4
146,3,3
146,44,5
147,73,4
147,32,4
147,54,3
147,58,3
147,28,4
147,39,5
147,40,3
147,69,5
147,57,3
147,29,5
148,18,3
148,89,3
148,23,3
148,87,3
148,13,4
148,17,3
148,108,3
148,11,3
148,55,3
148,3,2
149,80,3
149,37,3
149,46,3
149,18,3
149,94,3
149,12,3
149,35,3
149,96,3
149,58,3
149,22,3
150,73,3
150,20,3
150,28,3
150,103,3
150,80,3
150,18,4
150,43,3
150,32,3
150,30,5
150,5,3
151,49,3
151,105,2
151,27,2
151,101,3
151,24,4
151,108,3
151,79,3
151,3,3
151,98,3
151,21,3
152,47,4
152,80,3
152,86,3
152,9,3
152,54,3
152,30,3
152,26,3
152,60,3
152,53,3
152,65,3
153,99,3
153,26,3
153,102,5
153,72,3
153,92,3
153,54,3
153,76,3
153,27,2
153,84,3
153,38,3
154,42,3
154,84,3
154,18,3
154,99,3
154,47,3
154,38,3
154,65,3
154,93,3
154,78,3
154,15,3
155,84,3
155,41,3
155,76,3
155,96,4
155,107,3
155,108,3
155,9,3
155,80,3
155,23,3
155,43,3
156,22,3
156,93,3
156,52,3
156,98,4
156,89,2
156,63,3
156,107,3
156,20,2
156,6,3
156,29,2
157,18,3
157,81,3
157,90,3
157,9,3
157,87,3
157,34,3
157,15,3
157,46,3
157,25,3
157,31,3
158,89,2
158,37,3
158,13,3
158,47,3
158,2,3
158,7,3
158,108,3
158,26,3
158,14,3
158,69,3
159,103,3
159,82,3
159,102,5
159,17,3
159,29,5
159,51,5
159,12,4
159,106,3
159,19,3
159,61,5
160,12,5
160,88,3
160,29,3
160,56,3
160,108,3
160,18,5
160,22,3
160,89,3
160,10,3
160,93,3
161,105,2
161,100,3
161,64,3
161,25,3
161,40,4
161,68,3
161,89,3
161,11,3
161,51,3
161,56,4
162,1,5
162,55,5
162,64,3
162,98,3
162,92,4
162,30,3
162,29,2
162,104,5
162,89,3
162,18,3
163,98,3
163,3,5
163,105,4
163,13,3
163,34,3
163,66,3
163,15,3
163,6,3
163,100,3
163,89,4
164,45,4
164,71,3
164,99,3
164,82,3
164,72,3
164,1,3
164,11,3
164,34,3
164,57,3
164,108,3
165,47,3
165,38,5
165,103,3
165,82,5
165,76,3
165,17,3
165,13,3
165,57,5
165,91,3
165,79,2
166,61,3
166,88,3
166,76,3
166,5,3
166,13,5
166,106,3
166,107,2
166,31,3
166,84,3
166,29,3
167,74,3
167,46,3
167,31,3
167,104,3
167,76,3
167,38,3
167,78,3
167,4,3
167,101,4
167,79,3
168,37,3
168,20,2
168,96,3
168,40,3
168,2,3
168,100,3
168,79,3
168,63,3
168,32,3
168,3,3
169,53,3
169,4,3
169,83,2
169,98,3
169,17,3
169,33,3
169,20,3
169,50,2
169,8,5
169,102,3
170,15,3
170,50,2
170,29,3
170,89,3
170,39,3
170,102,3
170,44,3
170,82,3
170,3,4
170,22,3
171,74,3
171,79,3
171,95,3
171,16,4
171,35,3
171,56,4
171,107,3
171,68,3
171,58,3
171,106,3
172,102,3
172,16,4
172,46,4
172,72,3
172,74,3
172,10,3
172,33,3
172,97,3
172,83,3
172,92,4
173,47,3
173,87,3
173,54,3
173,86,3
173,14,3
173,101,2
173,16,3
173,3,3
173,56,3
173,36,3
174,37,3
174,42,3
174,39,3
174,77,3
174,106,3
174,25,2
174,56,3
174,93,2
174,78,3
174,2,3
175,39,5
175,57,3
175,55,3
175,6,3
175,101,3
175,54,3
175,25,3
175,49,3
175,108,5
175,78,2
176,3,3
176,12,4
176,23,5
176,24,3
176,2,3
176,104,4
176,20,3
176,48,5
176,86,4
176,60,5
177,58,4
177,39,3
177,41,3
177,24,3
177,61,3
177,93,3
177,36,2
177,42,2
177,10,5
177,44,3
178,27,3
178,59,5
178,91,3
178,44,5
178,10,2
178,5,3
178,67,3
178,70,3
178,85,4
178,46,3
179,41,3
179,38,3
179,86,3
179,65,2
179,54,3
179,34,3
179,58,3
179,6,3
179,62,3
179,76,3
180,1,3
180,37,3
180,41,3
180,6,3
180,11,5
180,64,3
180,57,3
180,88,3
180,5,4
180,42,3
181,100,3
181,87,2
181,7,3
181,23,3
181,81,3
181,31,3
181,45,3
181,51,3
181,58,3
181,14,3
182,106,4
182,56,3
182,32,2
182,108,5
182,39,5
182,86,3
182,9,5
182,77,3
182,27,3
182,29,5
183,104,3
183,88,3
183,44,3
183,22,3
183,47,3
183,78,3
183,69,3
183,93,3
183,14,3
183,60,2
184,85,3
184,87,3
184,56,3
184,22,3
184,5,2
184,106,2
184,14,2
184,21,3
184,31,3
184,104,3
185,45,3
185,34,3
185,57,3
185,105,3
185,67,3
185,54,3
185,64,3
185,76,3
185,25,4
185,9,3
186,11,3
186,91,3
186,94,3
186,53,3
186,95,4
186,59,3
186,28,3
186,10,3
186,15,3
186,74,3
187,50,3
187,20,3
187,88,3
187,71,3
187,78,3
187,97,3
187,30,3
187,34,3
187,14,3
187,48,3
188,63,3
188,87,2
188,41,3
188,81,3
188,102,3
188,55,3
188,54,2
188,77,4
188,35,3
188,33,3
189,93,3
189,90,3
189,54,3
189,2,3
189,89,3
189,70,3
189,91,2
189,97,2
189,50,3
189,20,4
190,34,3
190,19,3
190,26,3
190,73,3
190,56,3
190,12,5
190,78,3
190,51,3
190,40,3
190,92,3
191,2,3
191,10,3
191,102,3
191,104,5
191,57,5
191,82,4
191,70,3
191,28,3
191,18,3
191,37,3
192,24,3
192,44,3
192,39,4
192,101,3
192,26,3
192,97,3
192,9,3
192,5,3
192,48,3
192,7,3
193,33,3
193,100,3
193,108,3
193,19,3
193,42,2
193,87,3
193,89,3
193,27,3
193,39,3
193,83,3
194,83,3
194,105,5
194,15,3
194,35,5
194,107,5
194,16,3
194,56,3
194,25,3
194,108,3
194,63,4
195,52,3
195,93,3
195,60,2
195,53,3
195,89,5
195,28,2
195,65,3
195,57,3
195,82,2
195,61,5
196,4,5
196,18,4
196,7,4
196,69,3
196,14,3
196,103,2
196,24,3
196,52,3
196,31,3
196,98,3
197,40,3
197,1,3
197,8,3
197,50,3
197,3,3
197,27,3
197,98,3
197,78,3
197,77,3
197,13,3
198,107,5
198,20,3
198,80,5
198,58,5
198,59,3
198,29,3
198,21,4
198,46,3
198,63,3
198,7,3
199,101,5
199,32,3
199,84,5
199,39,3
199,71,3
199,62,5
199,17,3
199,47,3
199,50,3
199,67,3
200,85,3
200,49,2
200,47,3
200,70,3
200,80,3
200,84,3
200,44,3
200,50,3
200,96,3
200,37,3
201,36,3
201,21,3
201,38,4
201,52,2
201,22,2
201,29,2
201,5,3
201,89,3
201,16,3
201,92,3
202,85,3
202,104,3
202,19,3
202,106,3
202,53,2
202,60,3
202,39,3
202,97,3
202,98,3
202,74,3
203,74,3
203,19,3
203,50,3
203,39,2
203,6,3
203,21,3
203,53,3
203,87,3
203,88,4
203,49,3
204,62,3
204,73,3
204,40,3
204,18,3
204,86,2
204,64,3
204,59,3
204,99,3
204,77,3
204,60,3
205,46,4
205,99,3
205,84,3
205,20,3
205,43,3
205,28,3
205,72,3
205,4,3
205,19,3
205,75,5
206,96,2
206,11,5
206,72,3
206,102,3
206,10,3
206,57,4
206,2,3
206,63,3
206,28,2
206,15,3
207,18,3
207,61,5
207,69,5
207,64,3
207,108,5
207,82,3
207,27,2
207,88,2
207,77,3
207,76,3
208,71,3
208,83,3
208,20,3
208,50,3
208,27,3
208,36,3
208,61,3
208,33,3
208,86,4
208,54,3
209,74,3
209,28,3
209,85,3
209,13,3
209,103,3
209,69,3
209,102,3
209,9,3
209,91,3
209,44,3
210,55,3
210,29,3
210,21,3
210,13,3
210,32,3
210,9,3
210,7,3
210,84,3
210,36,3
210,53,3
211,16,3
211,93,2
211,35,3
211,26,3
211,15,3
211,94,3
211,96,3
211,69,3
211,91,3
211,24,3
212,27,3
212,93,3
212,87,3
212,9,3
212,60,4
212,102,2
212,72,3
212,14,5
212,59,3
212,15,3
213,89,3
213,61,3
213,48,3
213,64,2
213,21,3
213,26,3
213,54,3
213,10,3
213,35,3
213,100,2
214,100,3
214,31,2
214,103,3
214,69,3
214,29,3
214,30,3
214,20,4
214,80,5
214,50,3
214,43,3
215,62,3
215,49,3
215,10,3
215,23,3
215,7,2
215,65,4
215,90,3
215,25,3
215,35,4
215,50,3
216,57,3
216,81,3
216,76,3
216,36,3
216,54,3
216,6,3
216,22,3
216,79,4
216,70,3
216,32,3
217,52,3
217,2,3
217,83,3
217,27,4
217,62,3
217,84,4
217,15,3
217,66,3
217,74,3
217,9,3
218,48,3
218,90,2
218,89,3
218,23,3
218,82,3
218,1,4
218,6,3
218,78,3
218,83,4
218,43,4
219,69,4
219,26,3
219,93,3
219,89,2
219,105,3
219,74,3
219,86,3
219,35,2
219,58,3
219,91,2
220,95,2
220,56,3
220,35,3
220,36,3
220,75,3
220,46,3
220,12,3
220,73,3
220,67,4
220,18,4
221,71,3
221,64,3
221,42,4
221,78,3
221,84,2
221,56,2
221,1,3
221,81,3
221,32,3
221,19,3
222,32,3
222,88,3
222,11,3
222,58,3
222,13,3
222,1,3
222,41,3
222,71,3
222,55,3
222,34,3
223,76,3
223,57,5
223,54,4
223,40,5
223,80,5
223,88,3
223,72,3
223,63,3
223,74,3
223,28,3
224,101,5
224,102,3
224,8,3
224,38,5
224,47,3
224,52,3
224,71,3
224,51,3
224,18,3
224,74,3
225,50,3
225,34,3
225,24,3
225,38,3
225,84,4
225,95,3
225,86,3
225,74,3
225,46,3
225,107,3
226,82,3
226,63,3
226,14,3
226,20,3
226,89,3
226,56,3
226,97,3
226,108,3
226,103,3
226,12,3
227,52,3
227,57,3
227,48,3
227,90,3
227,85,2
227,61,4
227,84,4
227,2,5
227,26,3
227,16,3
228,65,3
228,71,3
228,47,3
228,3,3
228,14,4
228,16,5
228,78,3
228,4,3
228,91,3
228,95,3
229,3,3
229,78,3
229,6,3
229,68,3
229,51,3
229,98,3
229,31,3
229,99,3
229,59,3
229,62,3
230,17,3
230,30,3
230,12,3
230,82,5
230,90,5
230,42,3
230,48,4
230,76,3
230,75,3
230,99,5
231,99,3
231,10,5
231,64,3
231,20,3
231,60,3
231,101,3
231,5,3
231,72,4
231,48,3
231,76,3
232,92,3
232,64,3
232,17,3
232,90,3
232,56,3
232,100,3
232,52,2
232,107,3
232,39,5
232,80,3
233,5,3
233,71,3
233,49,4
233,27,3
233,17,3
233,38,3
233,91,3
233,29,5
233,90,3
233,92,3
234,76,4
234,98,3
234,51,3
234,55,3
234,35,3
234,7,3
234,44,3
234,24,3
234,83,3
234,87,2
235,9,4
235,43,3
235,56,3
235,88,3
235,64,3
235,27,2
235,14,3
235,63,3
235,76,3
235,42,3
236,39,3
236,42,2
236,79,3
236,19,3
236,43,3
236,99,3
236,78,3
236,93,3
236,20,4
236,15,2
237,62,3
237,1,3
237,37,3
237,71,3
237,87,3
237,94,3
237,90,3
237,23,4
237,96,3
237,18,3
238,4,3
238,10,5
238,31,3
238,18,3
238,74,3
238,96,3
238,82,3
238,64,3
238,33,3
238,48,3
239,66,5
239,52,3
239,50,3
239,79,3
239,27,3
239,102,5
239,73,3
239,34,5
239,86,3
239,54,3
240,83,3
240,104,3
240,44,5
240,45,5
240,35,2
240,24,2
240,78,3
240,82,3
240,72,4
240,68,3
241,33,3
241,12,3
241,85,3
241,104,3
241,76,3
241,56,3
241,48,3
241,11,3
241,101,3
241,66,3
242,36,3
242,45,3
242,40,3
242,48,3
242,13,3
242,67,3
242,105,3
242,7,3
242,96,3
242,10,3
243,16,3
243,89,2
243,55,3
243,10,3
243,25,3
243,93,3
243,28,2
243,65,2
243,9,3
243,60,3
244,7,3
244,38,3
244,59,3
244,67,3
244,90,3
244,6,3
244,97,3
244,95,3
244,91,3
244,66,3
245,26,3
245,79,3
245,83,2
245,58,3
245,65,2
245,50,3
245,64,3
245,60,3
245,8,3
245,1,3
246,27,3
246,38,3
246,96,3
246,45,3
246,78,3
246,7,4
246,107,3
246,34,3
246,71,3
246,89,3
247,47,3
247,74,3
247,80,4
247,104,3
247,82,3
247,63,3
247,46,3
247,23,3
247,44,3
247,99,3
248,51,5
248,81,3
248,48,4
248,38,2
248,89,5
248,25,3
248,3,3
248,75,5
248,41,5
248,79,2
249,27,4
249,58,3
249,40,3
249,107,2
249,89,3
249,48,3
249,57,3
249,59,3
249,29,3
249,24,3
250,75,3
250,31,3
250,47,3
250,87,3
250,63,3
250,106,3
250,105,2
250,79,3
250,70,3
250,90,3
251,91,4
251,18,3
251,13,3
251,14,3
251,34,3
251,7,3
251,67,3
251,2,3
251,96,3
251,55,3
252,27,3
252,75,3
252,98,3
252,106,3
252,6,3
252,25,3
252,99,3
252,10,3
252,96,3
252,107,4
253,32,3
253,105,5
253,2,3
253,106,3
253,101,5
253,11,3
253,54,3
253,67,3
253,12,3
253,90,5
254,22,3
254,69,3
254,79,3
254,3,3
254,66,3
254,99,3
254,54,3
254,88,2
254,33,3
254,64,3
255,76,3
255,68,4
255,41,3
255,21,3
255,31,3
255,44,3
255,103,2
255,38,3
255,59,3
255,77,3
256,7,5
256,50,3
256,89,4
256,25,3
256,49,3
256,38,4
256,66,3
256,48,2
256,96,3
256,13,4
257,95,4
257,26,3
257,69,3
257,76,3
257,40,3
257,103,3
257,56,4
257,2,3
257,71,3
257,102,3
258,42,3
258,61,3
258,58,3
258,101,3
258,62,3
258,100,3
258,88,3
258,73,3
258,82,3
258,67,3
259,81,3
259,63,4
259,104,3
259,73,2
259,88,2
259,19,3
259,56,3
259,71,3
259,35,3
259,67,3
260,65,3
260,60,5
260,21,3
260,28,3
260,54,3
260,27,3
260,75,3
260,30,3
260,39,3
260,62,5
261,79,3
261,59,3
261,30,3
261,77,3
261,60,3
261,35,3
261,71,3
261,74,3
261,47,4
261,66,3
262,91,2
262,84,2
262,101,3
262,77,3
262,60,4
262,3,2
262,41,3
262,51,3
262,81,3
262,50,4
263,2,3
263,93,3
263,25,3
263,12,3
263,97,3
263,105,2
263,90,3
263,27,3
263,32,3
263,56,3
264,60,2
264,57,3
264,52,3
264,92,3
264,33,3
264,22,3
264,36,4
264,78,3
264,62,3
264,82,4
265,5,3
265,46,3
265,90,3
265,49,3
265,101,3
265,62,3
265,25,3
265,91,3
265,87,3
265,37,5
266,4,3
266,77,4
266,78,5
266,89,4
266,61,3
266,92,5
266,21,3
266,100,3
266,37,3
266,3,3
267,32,4
267,67,2
267,82,3
267,98,3
267,87,3
267,26,3
267,24,3
267,48,4
267,27,2
267,77,3
268,50,3
268,68,3
268,93,3
268,64,3
268,62,3
268,67,3
268,44,3
268,70,3
268,76,3
268,46,3
269,58,3
269,47,3
269,40,3
269,19,3
269,61,3
269,60,3
269,1,4
269,48,3
269,24,3
269,23,3
270,102,4
270,39,3
270,21,2
270,42,3
270,95,3
270,65,3
270,24,3
270,57,3
270,18,3
270,89,3
271,60,3
271,33,3
271,86,3
271,97,3
271,62,2
271,101,4
271,55,3
271,3,4
271,14,3
271,83,3
272,33,3
272,53,3
272,88,4
272,77,5
272,9,3
272,44,3
272,51,3
272,50,3
272,47,3
272,81,5
273,44,3
273,105,5
273,108,3
273,92,5
273,42,3
273,94,3
273,13,3
273,70,4
273,98,3
273,48,5
274,1,2
274,18,3
274,108,2
274,75,3
274,106,3
274,35,3
274,53,3
274,74,3
274,105,3
274,101,2
275,45,3
275,51,3
275,20,2
275,35,5
275,16,3
275,74,3
275,95,3
275,38,5
275,44,3
275,86,3
276,36,4
276,87,3
276,93,3
276,76,3
276,21,4
276,24,3
276,98,3
276,58,5
276,44,3
276,86,3
277,2,3
277,85,3
277,105,5
277,37,3
277,92,5
277,104,5
277,65,4
277,82,5
277,8,3
277,29,3
278,75,3
278,27,3
278,97,2
278,25,3
278,80,4
278,38,3
278,67,3
278,87,3
278,26,3
278,28,3
279,58,3
279,49,3
279,85,3
279,63,3
279,80,2
279,59,3
279,73,3
279,54,4
279,75,3
279,100,3
280,88,3
280,68,3
280,43,3
280,104,4
280,54,3
280,72,4
280,49,3
280,79,3
280,59,3
280,70,3
281,49,3
281,51,5
281,83,3
281,16,3
281,70,3
281,35,3
281,85,3
281,99,3
281,105,3
281,73,3
282,104,3
282,96,3
282,42,3
282,105,3
282,1,3
282,100,3
282,56,3
282,38,3
282,16,3
282,68,3
283,39,4
283,21,3
283,82,3
283,37,3
283,88,3
283,5,3
283,90,3
283,45,3
283,100,3
283,42,3
284,88,3
284,104,3
284,39,3
284,96,3
284,21,3
284,87,3
284,89,3
284,101,3
284,51,3
284,30,3
285,78,5
285,14,5
285,42,3
285,48,5
285,27,3
285,61,3
285,13,2
285,49,3
285,7,3
285,4,3
286,34,3
286,7,4
286,67,3
286,93,3
286,48,4
286,89,3
286,98,3
286,58,3
286,80,3
286,106,3
287,41,5
287,43,3
287,35,3
287,96,5
287,106,2
287,51,5
287,47,3
287,81,3
287,55,3
287,25,3
288,4,3
288,77,3
288,103,2
288,28,3
288,37,3
288,36,3
288,21,3
288,70,3
288,39,3
288,102,3
289,5,3
289,98,3
289,77,5
289,11,2
289,64,3
289,78,5
289,108,3
289,57,5
289,45,3
289,81,5
290,47,3
290,4,3
290,101,3
290,58,2
290,57,3
290,31,3
290,5,3
290,100,3
290,105,3
290,17,5
291,55,3
291,58,3
291,49,3
291,59,3
291,30,3
291,71,3
291,60,3
291,66,3
291,17,3
291,61,3
292,50,3
292,41,3
292,51,3
292,66,3
292,16,3
292,71,3
292,73,3
292,97,3
292,2,3
292,44,3
293,35,3
293,84,3
293,87,3
293,16,3
293,22,3
293,101,3
293,4,3
293,9,3
293,14,3
293,53,3
294,105,3
294,49,3
294,68,3
294,48,3
294,38,2
294,81,4
294,12,3
294,17,3
294,71,3
294,2,3
295,107,5
295,79,3
295,18,3
295,58,5
295,23,5
295,1,5
295,29,4
295,59,3
295,53,3
295,88,3
296,9,2
296,2,3
296,38,3
296,60,3
296,10,5
296,80,3
296,107,3
296,65,3
296,50,3
296,24,3
297,21,3
297,100,4
297,64,3
297,87,3
297,83,3
297,3,3
297,30,3
297,40,3
297,86,2
297,74,3
298,75,2
298,92,3
298,105,3
298,14,4
298,46,3
298,84,3
298,49,3
298,7,3
298,61,3
298,11,5
299,81,5
299,80,5
299,34,3
299,6,4
299,53,3
299,62,5
299,108,3
299,102,3
299,8,4
299,68,3
300,10,3
300,82,2
300,54,3
300,106,3
300,96,3
300,88,3
300,90,3
300,7,3
300,12,4
300,8,3
301,53,3
301,25,3
301,94,5
301,71,3
301,61,5
301,39,5
301,35,3
301,16,3
301,93,4
301,62,3
302,103,3
302,68,3
302,38,3
302,53,4
302,45,3
302,27,4
302,50,2
302,14,3
302,29,3
302,18,5
303,42,3
303,52,3
303,32,3
303,93,3
303,7,3
303,94,2
303,95,3
303,40,4
303,9,2
303,104,2
304,78,3
304,48,3
304,79,3
304,107,3
304,83,3
304,97,3
304,86,2
304,40,4
304,23,3
304,4,3
305,25,3
305,90,3
305,31,3
305,65,3
305,100,3
305,44,3
305,59,4
305,60,3
305,93,3
305,96,3
306,3,4
306,15,3
306,85,3
306,64,3
306,96,3
306,5,3
306,12,3
306,89,3
306,88,3
306,23,4
307,47,3
307,31,3
307,103,3
307,57,4
307,25,3
307,75,2
307,53,3
307,21,3
307,95,3
307,35,3
308,4,4
308,36,3
308,65,3
308,55,3
308,38,3
308,59,3
308,73,3
308,105,3
308,11,3
308,72,3
309,54,4
309,63,2
309,57,3
309,19,3
309,35,3
309,13,3
309,25,3
309,104,3
309,49,3
309,38,3
310,79,3
310,16,3
310,92,3
310,60,3
310,85,3
310,27,3
310,64,3
310,17,3
310,58,3
310,98,3
311,8,3
311,14,2
311,18,3
311,91,3
311,66,5
311,61,5
311,19,3
311,44,5
311,37,5
311,72,4
312,64,3
312,81,3
312,108,3
312,20,3
312,44,3
312,71,3
312,105,3
312,68,3
312,74,3
312,52,3
313,29,3
313,15,3
313,63,3
313,75,3
313,56,3
313,21,3
313,44,4
313,98,3
313,89,4
313,18,2
314,108,5
314,28,3
314,75,5
314,59,5
314,51,5
314,29,5
314,65,3
314,62,3
314,85,4
314,77,3
315,85,3
315,42,3
315,70,3
315,33,3
315,19,2
315,81,3
315,18,3
315,92,3
315,5,3
315,106,3
316,76,3
316,43,3
316,40,4
316,18,3
316,75,3
316,92,3
316,58,3
316,6,3
316,72,3
316,21,3
317,17,3
317,62,5
317,43,3
317,44,3
317,5,3
317,70,3
317,52,4
317,22,3
317,13,4
317,14,5
318,93,3
318,18,3
318,102,3
318,3,3
318,49,2
318,100,3
318,9,3
318,25,3
318,45,3
318,13,5
319,80,3
319,17,3
319,90,3
319,63,3
319,1,3
319,103,3
319,72,3
319,28,3
319,64,3
319,55,3
320,47,3
320,108,3
320,27,3
320,19,3
320,101,3
320,102,3
320,7,5
320,94,3
320,70,4
320,5,3
321,35,3
321,58,3
321,57,3
321,88,3
321,76,3
321,51,3
321,108,3
321,30,2
321,91,3
321,28,4
322,72,3
322,96,4
322,18,3
322,23,3
322,82,3
322,60,3
322,9,3
322,1,2
322,95,3
322,98,3
323,22,3
323,13,3
323,16,3
323,39,3
323,5,3
323,12,3
323,85,3
323,28,3
323,107,3
323,29,4
324,20,5
324,91,3
324,71,3
324,17,4
324,36,3
324,22,4
324,61,3
324,99,3
324,76,3
324,9,3
325,47,3
325,60,3
325,105,3
325,45,3
325,37,3
325,40,3
325,42,3
325,84,3
325,66,3
325,80,3
326,1,3
326,53,3
326,71,3
326,11,3
326,25,3
326,58,3
326,76,4
326,103,2
326,4,3
326,74,3
327,87,3
327,52,3
327,97,3
327,9,3
327,79,2
327,82,3
327,98,3
327,48,3
327,70,3
327,34,3
328,83,3
328,103,3
328,30,5
328,49,3
328,52,3
328,11,3
328,84,3
328,28,3
328,76,4
328,48,3
329,32,2
329,28,3
329,81,3
329,23,2
329,105,3
329,4,3
329,52,3
329,13,5
329,86,2
329,29,3
330,27,3
330,75,3
330,106,3
330,38,3
330,3,3
330,64,3
330,96,3
330,45,3
330,22,3
330,31,4
331,69,3
331,2,3
331,79,2
331,46,3
331,4,3
331,91,3
331,103,3
331,15,3
331,90,4
331,86,3
332,46,3
332,32,3
332,21,3
332,103,3
332,60,3
332,108,3
332,4,5
332,9,3
332,16,4
332,23,4
333,50,3
333,64,3
333,84,3
333,106,3
333,69,3
333,27,2
333,57,2
333,107,3
333,60,3
333,28,3
334,106,3
334,95,3
334,16,3
334,25,3
334,19,4
334,43,3
334,75,3
334,77,3
334,47,3
334,44,3
335,107,3
335,3,3
335,81,3
335,79,3
335,14,2
335,43,3
335,102,3
335,103,3
335,13,2
335,106,4
336,91,3
336,63,4
336,73,3
336,2,3
336,50,4
336,22,3
336,101,3
336,10,2
336,99,3
336,89,3
337,56,4
337,1,4
337,11,3
337,99,3
337,81,2
337,88,3
337,57,3
337,44,5
337,90,2
337,58,4
338,71,3
338,24,3
338,2,3
338,6,3
338,85,3
338,20,3
338,11,4
338,90,3
338,41,3
338,82,3
339,70,3
339,11,3
339,20,4
339,5,4
339,34,3
339,102,3
339,68,3
339,63,3
339,64,3
339,21,3
340,10,3
340,37,3
340,77,3
340,95,4
340,86,3
340,94,3
340,36,2
340,99,3
340,96,2
340,40,3
341,93,3
341,38,3
341,34,3
341,75,3
341,32,3
341,88,3
341,81,3
341,35,3
341,57,3
341,19,5
342,106,3
342,44,3
342,107,3
342,30,3
342,61,3
342,54,3
342,7,5
342,19,3
342,100,3
342,72,3
343,57,3
343,95,3
343,47,3
343,40,3
343,103,3
343,98,3
343,73,3
343,48,3
343,70,2
343,2,3
344,34,3
344,26,3
344,55,3
344,52,3
344,82,3
344,60,3
344,44,3
344,65,3
344,70,4
344,108,3
345,46,4
345,40,3
345,68,3
345,43,3
345,47,3
345,49,4
345,82,3
345,89,3
345,18,2
345,59,3
346,41,3
346,34,3
346,74,3
346,63,3
346,99,3
346,65,3
346,49,3
346,98,3
346,19,3
346,94,3
347,83,3
347,68,2
347,10,3
347,62,3
347,97,5
347,19,3
347,57,3
347,92,3
347,37,5
347,39,5
348,22,3
348,85,3
348,30,3
348,87,3
348,27,3
348,18,3
348,75,3
348,73,3
348,8,3
348,50,3
349,15,3
349,7,3
349,27,3
349,82,3
349,28,3
349,98,2
349,25,3
349,33,4
349,62,3
349,38,3
350,42,3
350,108,3
350,63,3
350,70,3
350,68,3
350,75,3
350,27,3
350,17,3
350,54,4
350,5,2
351,94,5
351,44,5
351,19,3
351,23,3
351,7,2
351,55,3
351,45,5
351,43,3
351,88,3
351,105,3
352,81,2
352,101,3
352,48,3
352,44,3
352,29,4
352,64,3
352,59,3
352,45,4
352,42,3
352,96,3
353,26,3
353,31,3
353,79,2
353,59,5
353,23,3
353,33,5
353,56,3
353,74,5
353,9,5
353,51,5
354,95,3
354,78,3
354,74,5
354,37,5
354,92,3
354,107,4
354,4,3
354,10,3
354,93,2
354,24,3
355,47,3
355,53,3
355,34,4
355,64,3
355,16,3
355,80,3
355,94,2
355,15,3
355,79,3
355,1,3
356,22,3
356,56,3
356,8,3
356,74,3
356,1,3
356,58,3
356,64,4
356,81,4
356,78,3
356,40,3
357,35,3
357,22,3
357,16,4
357,73,3
357,11,3
357,31,2
357,10,3
357,85,3
357,66,3
357,70,3
358,76,2
358,105,3
358,37,3
358,48,3
358,68,3
358,35,3
358,15,2
358,32,3
358,73,3
358,81,3
359,43,3
359,40,3
359,57,3
359,32,3
359,29,4
359,52,4
359,90,2
359,37,3
359,101,3
359,68,3
360,79,3
360,64,4
360,59,4
360,20,2
360,48,4
360,103,3
360,32,3
360,29,3
360,42,3
360,40,3
361,77,2
361,64,3
361,72,3
361,107,3
361,100,3
361,95,3
361,15,3
361,53,3
361,30,3
361,96,3
362,96,3
362,30,3
362,28,3
362,107,3
362,103,3
362,71,3
362,53,3
362,23,3
362,17,3
362,48,3
363,32,3
363,64,3
363,79,3
363,24,3
363,65,3
363,102,2
363,17,3
363,1,3
363,26,3
363,46,4
364,8,2
364,27,3
364,16,3
364,80,3
364,92,4
364,17,5
364,65,3
364,30,3
364,87,2
364,41,3
365,57,3
365,97,3
365,81,2
365,60,3
365,82,4
365,44,3
365,74,2
365,13,4
365,100,3
365,59,3
366,14,3
366,45,3
366,6,3
366,33,3
366,54,2
366,16,3
366,22,2
366,41,3
366,43,3
366,80,3
367,94,4
367,36,3
367,31,3
367,6,3
367,100,4
367,28,4
367,51,3
367,105,3
367,58,3
367,91,3
368,32,3
368,60,3
368,12,2
368,66,4
368,71,3
368,37,3
368,50,3
368,88,3
368,74,3
368,83,3
369,59,3
369,43,3
369,69,3
369,96,3
369,4,3
369,49,3
369,7,3
369,90,3
369,97,3
369,28,3
370,11,4
370,2,3
370,23,3
370,95,3
370,78,3
370,45,3
370,27,3
370,69,3
370,105,3
370,90,3
371,57,3
371,10,3
371,34,3
371,90,3
371,69,3
371,40,3
371,3,3
371,24,3
371,13,3
371,38,3
372,70,3
372,90,3
372,61,3
372,72,3
372,98,3
372,74,3
372,104,3
372,27,4
372,88,3
372,67,3
373,49,3
373,58,5
373,95,4
373,24,3
373,72,3
373,84,5
373,43,3
373,28,3
373,79,4
373,50,3
374,64,3
374,54,3
374,74,3
374,103,4
374,63,3
374,32,3
374,23,3
374,108,3
374,91,3
374,35,3
375,49,3
375,48,3
375,18,2
375,67,3
375,81,3
375,6,2
375,108,5
375,80,3
375,42,3
375,31,3
376,97,3
376,11,3
376,93,3
376,17,3
376,31,3
376,60,4
376,88,3
376,103,3
376,20,3
376,13,3
377,11,3
377,77,2
377,103,3
377,74,2
377,8,3
377,76,3
377,98,3
377,105,3
377,48,3
377,92,3
378,105,3
378,69,3
378,17,3
378,94,3
378,24,3
378,80,2
378,21,3
378,102,3
378,26,3
378,42,2
379,57,3
379,41,3
379,73,3
379,35,3
379,90,4
379,85,3
379,36,3
379,102,3
379,15,3
379,19,3
380,80,5
380,7,3
380,105,5
380,21,3
380,90,4
380,38,5
380,65,3
380,77,5
380,64,3
380,60,5
381,50,3
381,1,4
381,30,3
381,24,3
381,62,3
381,19,3
381,96,3
381,86,3
381,41,2
381,56,3
382,65,3
382,78,3
382,20,2
382,108,3
382,86,4
382,59,2
382,10,3
382,57,3
382,13,3
382,14,3
383,97,3
383,32,3
383,80,3
383,26,3
383,60,3
383,102,3
383,20,4
383,9,4
383,27,3
383,79,2
384,85,2
384,48,5
384,65,3
384,106,3
384,41,3
384,55,5
384,103,3
384,58,5
384,39,3
384,68,2
385,95,3
385,13,3
385,63,3
385,51,3
385,104,3
385,15,3
385,35,3
385,100,3
385,17,4
385,62,2
386,30,3
386,46,3
386,66,3
386,19,2
386,56,3
386,38,2
386,52,3
386,18,3
386,61,3
386,70,3
387,61,3
387,43,3
387,92,5
387,83,3
387,54,3
387,91,3
387,103,3
387,71,4
387,65,3
387,80,5
388,35,3
388,70,3
388,15,2
388,91,3
388,99,3
388,66,3
388,90,3
388,105,2
388,80,3
388,83,3
389,91,3
389,31,3
389,66,3
389,42,3
389,72,3
389,83,3
389,87,3
389,106,3
389,95,3
389,105,3
390,83,3
390,79,3
390,10,3
390,14,2
390,106,3
390,24,3
390,59,4
390,48,3
390,105,3
390,89,3
391,13,3
391,102,3
391,91,3
391,72,3
391,86,3
391,88,3
391,87,3
391,2,4
391,45,3
391,10,3
392,65,3
392,70,3
392,68,2
392,102,3
392,63,3
392,76,3
392,75,3
392,43,3
392,13,2
392,30,3
393,94,3
393,12,3
393,66,3
393,69,3
393,106,3
393,29,3
393,52,3
393,81,3
393,46,2
393,93,3
394,9,3
394,88,3
394,7,2
394,79,3
394,105,3
394,97,3
394,98,3
394,83,2
394,13,2
394,26,3
395,14,3
395,37,5
395,5,3
395,106,3
395,97,4
395,28,3
395,108,5
395,62,3
395,42,3
395,26,3
396,16,2
396,26,3
396,9,3
396,101,5
396,64,3
396,99,5
396,47,4
396,103,3
396,37,3
396,70,3
397,28,2
397,73,3
397,107,4
397,67,3
397,35,3
397,33,5
397,80,3
397,1,3
397,59,4
397,94,4
398,33,3
398,58,3
398,19,3
398,108,3
398,61,3
398,2,3
398,97,3
398,18,3
398,20,3
398,60,3
399,48,3
399,61,3
399,82,3
399,20,3
399,27,3
399,29,3
399,76,3
399,14,3
399,19,4
399,26,3
400,54,3
400,42,4
400,41,3
400,88,3
400,48,3
400,39,3
400,40,3
400,33,3
400,77,3
400,102,2
401,45,3
401,101,3
401,105,4
401,31,2
401,11,3
401,79,4
401,106,3
401,48,3
401,5,5
401,97,2
402,9,3
402,73,3
402,37,3
402,85,3
402,106,3
402,89,3
402,42,3
402,65,3
402,5,3
402,45,3
403,65,3
403,3,3
403,101,3
403,100,2
403,45,3
403,87,3
403,47,3
403,5,3
403,66,3
403,42,3
404,52,3
404,77,3
404,4,4
404,55,3
404,2,4
404,9,3
404,85,3
404,90,3
404,31,3
404,24,3
405,54,3
405,55,3
405,97,3
405,103,3
405,105,3
405,1,4
405,62,2
405,9,3
405,22,3
405,64,3
406,71,4
406,51,3
406,84,3
406,42,3
406,27,3
406,86,2
406,16,3
406,4,3
406,83,3
406,43,3
407,95,3
407,89,3
407,101,3
407,74,3
407,10,3
407,52,3
407,2,3
407,27,2
407,83,3
407,18,3
408,8,3
408,53,3
408,36,4
408,80,2
408,30,3
408,81,2
408,103,3
408,44,3
408,23,3
408,71,3
409,3,3
409,6,3
409,29,3
409,41,3
409,60,3
409,4,5
409,78,3
409,26,3
409,104,3
409,106,3
410,29,3
410,48,3
410,18,5
410,56,3
410,24,3
410,47,3
410,42,3
410,41,4
410,21,3
410,25,3
411,35,3
411,90,3
411,17,3
411,85,3
411,95,3
411,92,3
411,75,4
411,99,3
411,79,3
411,12,3
412,52,3
412,98,3
412,102,2
412,100,3
412,54,3
412,62,3
412,107,3
412,80,3
412,9,3
412,13,3
413,33,3
413,83,3
413,80,3
413,25,3
413,66,4
413,69,3
413,81,3
413,30,3
413,20,3
413,29,3
414,42,2
414,98,3
414,25,3
414,38,2
414,71,3
414,45,3
414,55,3
414,34,3
414,101,4
414,36,3
415,62,2
415,57,3
415,82,3
415,44,3
415,54,3
415,72,3
415,104,3
415,34,3
415,69,3
415,3,3
416,49,3
416,89,3
416,76,3
416,4,2
416,51,3
416,86,3
416,23,5
416,19,3
416,104,4
416,90,5
417,64,3
417,63,3
417,68,2
417,67,2
417,84,3
417,12,2
417,92,3
417,66,3
417,83,3
417,25,3
418,63,3
418,60,3
418,14,4
418,90,3
418,9,5
418,23,3
418,10,3
418,58,3
418,84,3
418,83,3
419,11,4
419,105,2
419,71,3
419,90,3
419,7,3
419,22,3
419,1,3
419,70,3
419,80,3
419,47,3
420,63,3
420,107,3
420,87,3
420,50,3
420,13,3
420,47,3
420,89,3
420,40,3
420,37,3
420,4,3
421,108,3
421,77,3
421,84,3
421,67,3
421,47,3
421,2,3
421,20,5
421,10,3
421,42,3
421,75,3
422,41,3
422,103,3
422,12,3
422,59,3
422,70,2
422,55,4
422,61,3
422,91,3
422,35,3
422,79,3
423,24,3
423,31,3
423,50,3
423,81,3
423,45,3
423,26,3
423,17,3
423,42,4
423,80,3
423,27,3
424,76,4
424,1,3
424,86,3
424,89,3
424,75,3
424,68,3
424,7,3
424,39,2
424,27,3
424,11,4
425,38,3
425,27,3
425,43,3
425,70,3
425,88,3
425,75,5
425,83,3
425,64,3
425,12,3
425,61,5
426,27,3
426,80,4
426,62,3
426,37,3
426,87,3
426,1,3
426,48,3
426,85,2
426,83,3
426,50,2
427,3,3
427,100,3
427,77,5
427,87,3
427,6,5
427,83,3
427,101,5
427,69,3
427,15,3
427,85,2
428,77,2
428,95,3
428,25,3
428,2,3
428,66,2
428,102,4
428,67,3
428,101,3
428,33,3
428,104,3
429,98,3
429,70,3
429,102,3
429,83,3
429,80,5
429,91,3
429,13,3
429,103,3
429,58,5
429,60,5
430,81,3
430,44,5
430,67,3
430,97,5
430,84,3
430,72,3
430,27,3
430,101,3
430,88,3
430,55,2
431,18,3
431,19,3
431,104,3
431,51,5
431,76,3
431,2,5
431,63,2
431,55,3
431,24,3
431,16,3
432,47,3
432,57,3
432,4,3
432,16,5
432,79,3
432,12,3
432,81,3
432,9,3
432,74,3
432,76,3
433,20,2
433,35,3
433,62,3
433,65,3
433,84,3
433,21,3
433,92,3
433,85,2
433,13,3
433,103,3
434,68,3
434,88,3
434,73,3
434,45,3
434,59,3
434,33,3
434,4,3
434,91,3
434,23,3
434,27,4
435,33,3
435,41,3
435,82,3
435,39,3
435,106,3
435,48,4
435,28,3
435,97,3
435,53,3
435,11,5
436,98,3
436,107,3
436,84,3
436,102,2
436,73,3
436,95,4
436,30,3
436,100,3
436,99,3
436,75,3
437,31,3
437,99,3
437,14,3
437,71,3
437,49,3
437,10,3
437,80,3
437,69,3
437,107,4
437,40,3
438,5,4
438,100,3
438,38,3
438,9,5
438,55,3
438,27,2
438,81,3
438,32,3
438,36,3
438,63,3
439,93,3
439,38,3
439,34,3
439,81,3
439,36,3
439,107,3
439,44,3
439,3,5
439,68,3
439,91,4
440,28,3
440,4,3
440,25,3
440,60,3
440,42,3
440,32,3
440,78,3
440,71,2
440,63,3
440,96,3
441,80,4
441,35,3
441,74,3
441,77,3
441,25,3
441,60,3
441,71,3
441,9,3
441,5,3
441,63,3
442,25,3
442,62,3
442,87,3
442,3,3
442,94,3
442,61,3
442,18,3
442,60,3
442,89,3
442,97,3
443,37,3
443,15,3
443,36,3
443,94,3
443,82,2
443,108,3
443,41,4
443,10,3
443,54,3
443,30,2
444,91,3
444,66,3
444,18,3
444,14,3
444,2,3
444,22,3
444,104,3
444,89,3
444,97,3
444,87,3
445,85,3
445,73,3
445,27,3
445,102,3
445,101,5
445,28,3
445,15,3
445,87,3
445,108,3
445,95,3
446,74,3
446,9,3
446,65,3
446,4,3
446,69,3
446,2,3
446,23,3
446,6,2
446,44,3
446,58,3
447,1,5
447,72,3
447,67,3
447,73,3
447,2,3
447,69,3
447,30,2
447,43,3
447,106,3
447,102,3
448,6,4
448,82,5
448,49,2
448,10,3
448,95,3
448,43,3
448,24,3
448,87,3
448,30,3
448,67,3
449,77,2
449,26,3
449,31,3
449,94,4
449,36,3
449,99,2
449,23,3
449,53,3
449,19,3
449,38,3
450,99,3
450,23,3
450,104,3
450,56,3
450,108,5
450,82,4
450,17,3
450,78,3
450,42,3
450,54,3
451,79,3
451,16,4
451,104,3
451,63,3
451,81,3
451,40,4
451,67,3
451,41,5
451,36,2
451,61,5
452,25,3
452,45,3
452,46,3
452,43,3
452,63,3
452,61,3
452,3,2
452,73,3
452,36,5
452,28,3
453,63,3
453,37,4
453,71,3
453,24,3
453,25,3
453,61,3
453,88,3
453,76,3
453,78,3
453,75,3
454,13,3
454,10,3
454,6,3
454,100,3
454,89,2
454,70,3
454,104,2
454,46,3
454,3,3
454,107,3
455,26,3
455,52,3
455,5,5
455,67,3
455,97,3
455,43,3
455,107,3
455,59,3
455,51,3
455,87,3
456,71,3
456,6,3
456,15,4
456,48,3
456,63,3
456,33,3
456,26,3
456,72,2
456,13,3
456,64,3
457,15,3
457,72,3
457,89,2
457,103,3
457,69,3
457,1,5
457,22,3
457,34,4
457,48,5
457,98,3
458,81,3
458,78,3
458,2,2
458,63,3
458,1,3
458,86,3
458,5,3
458,76,3
458,95,3
458,72,3
459,66,3
459,23,5
459,62,5
459,78,5
459,45,3
459,93,3
459,1,4
459,97,3
459,31,3
459,58,5
460,7,3
460,65,3
460,108,3
460,39,3
460,11,3
460,29,3
460,9,3
460,18,2
460,38,3
460,63,4
461,58,3
461,97,3
461,34,4
461,99,2
461,105,3
461,103,3
461,59,3
461,68,3
461,27,3
461,2,3
462,84,3
462,31,3
462,86,3
462,92,3
462,14,3
462,19,5
462,7,3
462,20,4
462,108,3
462,104,3
463,30,3
463,56,3
463,91,3
463,66,3
463,76,3
463,58,3
463,74,3
463,94,3
463,78,3
463,89,3
464,71,3
464,51,3
464,9,3
464,6,4
464,108,3
464,76,3
464,10,3
464,46,3
464,26,3
464,5,3
465,51,3
465,75,3
465,43,3
465,54,3
465,81,3
465,49,4
465,35,3
465,60,3
465,89,2
465,45,2
466,81,4
466,34,3
466,82,3
466,84,3
466,6,3
466,63,3
466,51,3
466,27,3
466,5,3
466,90,3
467,91,3
467,12,3
467,31,3
467,84,3
467,38,3
467,48,3
467,87,3
467,108,3
467,107,3
467,20,3
468,84,3
468,80,3
468,5,3
468,83,4
468,50,3
468,41,5
468,54,3
468,89,5
468,55,3
468,104,3
469,68,2
469,17,4
469,89,3
469,71,3
469,42,3
469,60,3
469,69,3
469,6,3
469,64,3
469,54,3
470,51,3
470,46,3
470,107,3
470,17,3
470,71,3
470,8,3
470,26,3
470,74,3
470,49,2
470,102,2
471,3,3
471,94,3
471,50,3
471,88,3
471,51,4
471,99,3
471,101,2
471,1,4
471,44,2
471,102,3
472,73,3
472,12,5
472,7,3
472,67,3
472,11,3
472,92,3
472,71,3
472,28,3
472,10,3
472,6,3
473,3,3
473,7,3
473,34,4
473,68,3
473,79,3
473,52,2
473,88,3
473,89,3
473,40,3
473,73,3
474,78,3
474,67,3
474,30,2
474,41,3
474,14,3
474,56,3
474,81,3
474,107,3
474,95,3
474,105,3
475,105,3
475,47,3
475,108,3
475,81,3
475,102,3
475,67,3
475,40,2
475,1,3
475,35,3
475,87,3
476,7,3
476,64,2
476,12,2
476,21,3
476,56,3
476,6,3
476,51,3
476,87,3
476,35,3
476,59,3
477,89,3
477,97,3
477,88,3
477,20,3
477,82,3
477,38,3
477,41,3
477,54,4
477,100,2
477,29,3
478,19,4
478,54,3
478,107,3
478,32,3
478,44,5
478,30,5
478,67,3
478,26,3
478,43,4
478,7,3
479,7,4
479,79,3
479,18,2
479,99,3
479,69,3
479,16,3
479,105,3
479,22,3
479,12,3
479,21,3
480,68,3
480,53,3
480,52,4
480,30,3
480,94,3
480,103,3
480,82,4
480,93,3
480,4,3
480,25,3
481,80,3
481,45,3
481,53,3
481,61,3
481,67,3
481,28,3
481,83,2
481,100,3
481,55,3
481,73,4
482,77,3
482,89,2
482,34,3
482,45,3
482,10,2
482,44,2
482,18,3
482,31,3
482,98,4
482,62,3
483,31,3
483,78,3
483,2,3
483,107,3
483,67,3
483,49,3
483,44,3
483,55,3
483,56,3
483,77,3
484,15,5
484,91,4
484,17,3
484,63,2
484,46,3
484,65,3
484,88,4
484,72,3
484,5,2
484,37,5
485,62,3
485,7,3
485,13,3
485,90,3
485,72,3
485,100,3
485,97,3
485,61,3
485,88,3
485,93,3
486,45,3
486,94,3
486,98,3
486,44,3
486,22,3
486,93,3
486,88,3
486,7,3
486,33,3
486,71,3
487,75,3
487,72,3
487,21,3
487,38,4
487,20,2
487,71,3
487,15,3
487,105,3
487,67,3
487,23,3
488,11,5
488,40,3
488,74,3
488,8,2
488,51,3
488,56,4
488,36,3
488,17,3
488,105,3
488,32,3
489,75,3
489,19,3
489,37,3
489,15,3
489,71,3
489,44,3
489,28,3
489,86,4
489,14,3
489,59,3
490,63,3
490,24,3
490,104,3
490,56,3
490,6,2
490,86,2
490,75,3
490,71,3
490,59,2
490,66,3
491,15,3
491,86,3
491,12,3
491,10,3
491,108,3
491,103,3
491,65,3
491,101,5
491,79,3
491,91,3
492,32,2
492,5,3
492,20,3
492,72,3
492,81,3
492,19,3
492,7,5
492,1,3
492,24,3
492,104,4
493,75,3
493,104,3
493,83,3
493,32,3
493,90,3
493,13,3
493,73,3
493,15,3
493,71,3
493,51,3
494,61,3
494,16,3
494,19,3
494,23,3
494,75,3
494,50,3
494,25,3
494,3,4
494,62,3
494,17,5
495,79,4
495,46,3
495,43,3
495,61,3
495,56,3
495,59,3
495,84,5
495,5,3
495,99,5
495,7,3
496,18,3
496,71,3
496,31,3
496,15,3
496,57,3
496,1,3
496,35,3
496,66,3
496,91,2
496,44,3
497,70,3
497,105,3
497,91,3
497,41,4
497,20,3
497,28,3
497,31,4
497,88,3
497,95,3
497,79,3
498,7,3
498,2,3
498,4,3
498,70,3
498,65,3
498,45,3
498,53,3
498,79,4
498,95,3
498,97,3
499,105,3
499,102,3
499,76,3
499,33,3
499,54,3
499,106,3
499,18,5
499,26,4
499,48,3
499,22,3
500,39,2
500,6,3
500,55,2
500,51,4
500,24,3
500,28,3
500,68,3
500,54,3
500,41,3
500,34,3
501,31,3
501,102,3
501,34,3
501,72,3
501,93,3
501,105,3
501,70,3
501,36,3
501,107,3
501,64,3
502,84,3
502,96,3
502,15,3
502,27,3
502,89,3
502,2,3
502,19,4
502,30,3
502,67,3
502,87,3
503,51,3
503,67,3
503,11,5
503,17,2
503,43,3
503,36,3
503,106,3
503,32,3
503,100,3
503,29,4
504,92,3
504,104,3
504,84,2
504,69,5
504,12,3
504,11,4
504,19,3
504,97,5
504,106,2
504,23,3
505,106,2
505,95,4
505,97,2
505,107,2
505,81,3
505,46,3
505,20,3
505,23,3
505,17,3
505,42,3
506,64,3
506,94,5
506,30,5
506,32,3
506,97,5
506,51,5
506,41,5
506,65,3
506,19,3
506,24,3
507,35,4
507,1,5
507,18,3
507,40,5
507,88,3
507,13,4
507,74,3
507,96,3
507,16,3
507,61,3
508,16,3
508,77,4
508,20,3
508,38,3
508,61,5
508,17,3
508,53,3
508,101,2
508,40,3
508,82,3
509,91,2
509,35,3
509,7,5
509,75,4
509,60,3
509,96,3
509,67,3
509,44,2
509,79,2
509,73,3
510,64,3
510,56,3
510,6,2
510,24,3
510,54,3
510,26,3
510,91,3
510,20,3
510,108,3
510,65,3
511,56,4
511,13,3
511,64,3
511,34,4
511,48,3
511,84,3
511,24,3
511,103,3
511,68,3
511,57,2
512,41,4
512,47,4
512,53,3
512,66,3
512,54,3
512,16,3
512,56,3
512,90,3
512,61,3
512,4,3
513,12,3
513,36,3
513,41,3
513,86,3
513,5,5
513,10,3
513,96,3
513,101,3
513,72,3
513,31,3
514,28,3
514,9,2
514,75,3
514,33,3
514,90,3
514,40,3
514,66,3
514,54,3
514,98,3
514,92,3
515,11,3
515,60,5
515,7,3
515,95,2
515,81,5
515,55,5
515,105,5
515,45,2
515,78,5
515,62,4
516,72,3
516,58,3
516,60,3
516,98,3
516,42,3
516,74,3
516,83,3
516,92,3
516,105,3
516,88,3
517,15,3
517,60,3
517,107,3
517,33,4
517,79,3
517,87,3
517,59,3
517,9,3
517,62,3
517,47,3
518,65,4
518,50,2
518,68,3
518,27,3
518,94,3
518,16,3
518,67,3
518,72,3
518,37,3
518,74,3
519,68,3
519,62,3
519,55,3
519,95,3
519,66,3
519,14,4
519,96,3
519,94,3
519,35,3
519,107,3
520,9,3
520,63,3
520,70,3
520,20,2
520,76,3
520,67,2
520,97,3
520,32,3
520,65,3
520,8,3
521,106,3
521,65,3
521,76,3
521,62,5
521,57,5
521,81,5
521,80,5
521,10,3
521,53,3
521,99,5
522,12,3
522,96,4
522,104,3
522,56,3
522,22,3
522,17,3
522,72,3
522,80,2
522,93,3
522,15,3
523,57,3
523,27,4
523,104,3
523,7,5
523,61,3
523,85,3
523,11,3
523,82,3
523,90,3
523,108,3
524,39,5
524,7,3
524,61,5
524,101,3
524,43,3
524,23,3
524,16,3
524,9,5
524,20,3
524,91,4
525,105,3
525,87,3
525,53,2
525,1,4
525,16,3
525,70,3
525,94,3
525,6,3
525,86,3
525,76,3
526,1,3
526,9,3
526,71,2
526,51,3
526,12,3
526,20,2
526,68,3
526,101,3
526,94,3
526,29,4
527,20,3
527,39,4
527,41,3
527,62,3
527,59,3
527,86,4
527,61,3
527,29,3
527,92,3
527,23,3
528,85,3
528,76,3
528,100,2
528,90,3
528,65,3
528,96,3
528,8,3
528,106,3
528,31,3
528,6,3
529,27,4
529,35,3
529,80,3
529,26,3
529,13,3
529,87,3
529,101,3
529,58,3
529,29,3
529,37,3
530,71,3
530,83,3
530,4,3
530,96,3
530,48,5
530,39,3
530,21,3
530,27,3
530,74,3
530,36,4
531,11,3
531,28,3
531,6,3
531,52,3
531,51,3
531,104,3
531,1,3
531,46,2
531,101,3
531,85,3
532,33,3
532,67,3
532,58,3
532,60,3
532,52,3
532,28,3
532,87,3
532,53,3
532,41,3
532,38,3
533,101,3
533,70,3
533,90,3
533,96,2
533,94,3
533,24,3
533,100,3
533,47,3
533,102,3
533,21,3
534,36,2
534,56,3
534,57,3
534,97,5
534,18,3
534,60,4
534,100,2
534,27,3
534,69,4
534,98,3
535,96,3
535,63,3
535,39,3
535,21,3
535,60,5
535,104,5
535,86,2
535,46,4
535,57,5
535,92,5
536,96,3
536,4,3
536,29,3
536,76,2
536,103,3
536,21,3
536,2,3
536,80,5
536,19,3
536,73,4
537,69,3
537,85,3
537,95,3
537,90,4
537,30,3
537,106,3
537,61,3
537,16,3
537,92,3
537,27,3
538,9,3
538,89,3
538,88,3
538,104,4
538,43,3
538,15,3
538,4,5
538,100,3
538,31,2
538,71,3
539,103,3
539,70,3
539,50,3
539,55,3
539,48,3
539,73,3
539,4,3
539,6,3
539,16,3
539,46,3
540,70,3
540,40,2
540,93,3
540,5,3
540,33,2
540,35,3
540,31,3
540,57,2
540,19,3
540,73,3
541,19,3
541,48,3
541,39,3
541,6,3
541,59,3
541,74,3
541,20,3
541,70,3
541,33,3
541,29,3
542,91,3
542,14,5
542,84,4
542,40,5
542,36,5
542,42,3
542,59,3
542,88,3
542,93,3
542,16,3
543,97,3
543,7,3
543,96,3
543,34,3
543,27,3
543,95,4
543,63,3
543,21,3
543,19,3
543,24,3
544,10,3
544,97,2
544,47,4
544,44,3
544,84,3
544,66,4
544,92,3
544,68,3
544,23,3
544,67,3
545,78,3
545,69,3
545,75,3
545,68,3
545,18,3
545,24,3
545,9,4
545,3,3
545,59,3
545,19,3
546,73,3
546,54,3
546,85,3
546,5,3
546,34,3
546,62,2
546,101,3
546,92,3
546,28,3
546,41,3
547,16,5
547,21,3
547,35,3
547,85,3
547,100,3
547,87,3
547,78,3
547,6,2
547,8,5
547,91,3
548,97,3
548,77,3
548,46,4
548,87,3
548,57,3
548,94,3
548,45,3
548,63,3
548,65,3
548,98,3
549,57,4
549,19,3
549,27,3
549,89,3
549,90,3
549,10,3
549,25,2
549,12,3
549,38,4
549,2,3
550,44,3
550,91,2
550,48,3
550,90,2
550,53,3
550,89,3
550,59,3
550,57,3
550,99,3
550,4,5
551,72,3
551,30,3
551,104,3
551,25,4
551,34,3
551,107,3
551,50,3
551,6,2
551,59,3
551,44,3
552,75,3
552,69,3
552,94,3
552,85,3
552,29,3
552,7,3
552,30,3
552,28,4
552,25,3
552,42,3
553,77,3
553,31,3
553,64,3
553,102,3
553,59,3
553,93,3
553,106,4
553,44,3
553,55,3
553,96,3
554,96,3
554,50,3
554,18,3
554,73,3
554,7,4
554,68,3
554,70,3
554,32,2
554,52,3
554,49,3
555,7,3
555,105,3
555,80,3
555,17,3
555,89,5
555,68,3
555,26,3
555,41,5
555,83,3
555,95,3
556,11,3
556,27,3
556,19,2
556,46,3
556,16,3
556,4,3
556,43,3
556,70,3
556,33,3
556,78,5
557,46,4
557,8,3
557,61,5
557,101,3
557,84,4
557,35,3
557,106,3
557,62,3
557,50,3
557,37,5
558,42,2
558,79,2
558,66,5
558,12,3
558,13,3
558,74,5
558,92,3
558,17,3
558,47,3
558,90,3
559,94,3
559,12,3
559,72,3
559,107,3
559,92,3
559,77,3
559,97,3
559,46,3
559,10,3
559,16,3
560,108,3
560,31,3
560,33,3
560,25,3
560,54,3
560,67,3
560,100,2
560,47,3
560,81,4
560,52,3
561,55,3
561,91,3
561,38,3
561,27,3
561,108,3
561,45,2
561,4,3
561,19,5
561,80,3
561,99,3
562,31,3
562,108,3
562,58,3
562,44,3
562,20,3
562,10,3
562,45,3
562,43,3
562,72,2
562,79,3
563,108,4
563,56,3
563,71,3
563,91,3
563,47,3
563,21,3
563,9,3
563,99,3
563,75,3
563,41,3
564,73,2
564,86,3
564,105,3
564,92,3
564,15,4
564,93,3
564,60,4
564,34,3
564,63,3
564,46,3
565,29,2
565,69,3
565,93,3
565,14,3
565,100,3
565,88,3
565,99,3
565,36,3
565,65,4
565,11,3
566,40,3
566,26,3
566,99,3
566,8,3
566,44,3
566,52,3
566,37,3
566,98,3
566,88,3
566,101,3
567,66,2
567,75,2
567,16,3
567,7,5
567,51,3
567,76,3
567,92,3
567,96,3
567,86,3
567,87,3
568,24,3
568,35,3
568,13,3
568,7,3
568,68,3
568,76,3
568,101,3
568,103,3
568,28,3
568,74,4
569,36,2
569,44,3
569,2,3
569,106,3
569,93,3
569,14,3
569,23,3
569,71,3
569,58,3
569,31,3
570,72,3
570,57,3
570,15,3
570,90,3
570,45,3
570,21,3
570,50,3
570,68,3
570,33,3
570,27,3
571,76,4
571,46,3
571,101,3
571,45,5
571,99,3
571,54,3
571,9,4
571,27,4
571,103,3
571,108,5
572,28,4
572,65,3
572,42,3
572,23,3
572,45,4
572,7,3
572,12,3
572,48,3
572,97,3
572,24,4
573,93,4
573,81,3
573,48,3
573,38,3
573,53,3
573,68,3
573,66,5
573,90,3
573,74,5
573,75,5
574,75,3
574,80,5
574,24,3
574,98,3
574,100,3
574,2,3
574,95,3
574,17,4
574,68,3
574,91,3
575,84,3
575,53,3
575,40,3
575,88,3
575,64,3
575,52,3
575,95,3
575,82,3
575,86,3
575,31,3
576,11,3
576,58,5
576,81,5
576,35,5
576,64,3
576,87,3
576,71,3
576,90,5
576,19,3
576,94,3
577,37,4
577,57,3
577,32,3
577,1,3
577,6,3
577,92,3
577,88,3
577,45,3
577,67,3
577,106,3
578,102,5
578,10,3
578,76,3
578,62,4
578,69,5
578,95,2
578,34,5
578,27,3
578,101,3
578,77,3
579,60,3
579,41,3
579,48,3
579,35,3
579,70,3
579,37,4
579,6,3
579,58,3
579,46,3
579,107,2
580,40,3
580,12,3
580,51,3
580,30,3
580,102,3
580,77,3
580,16,4
580,24,3
580,76,4
580,82,3
581,76,3
581,58,3
581,104,3
581,67,3
581,49,3
581,19,5
581,64,3
581,84,3
581,66,3
581,26,3
582,80,3
582,17,4
582,105,3
582,72,3
582,38,3
582,35,3
582,14,3
582,70,3
582,94,3
582,42,3
583,19,3
583,31,3
583,54,3
583,23,3
583,89,2
583,45,3
583,62,3
583,98,3
583,70,3
583,85,3
584,26,3
584,61,4
584,13,5
584,37,3
584,58,3
584,14,4
584,59,3
584,81,3
584,27,3
584,25,3
585,20,3
585,95,3
585,1,3
585,22,3
585,53,3
585,16,3
585,83,3
585,93,3
585,30,3
585,18,3
586,19,3
586,55,5
586,7,3
586,75,2
586,5,3
586,41,3
586,68,3
586,12,3
586,65,3
586,103,3
587,60,3
587,88,3
587,64,3
587,77,3
587,41,5
587,15,5
587,57,3
587,53,3
587,107,3
587,75,5
588,64,4
588,95,3
588,7,4
588,105,2
588,41,3
588,52,3
588,106,4
588,9,3
588,99,3
588,88,3
589,94,5
589,43,3
589,62,2
589,8,3
589,57,3
589,54,3
589,90,3
589,38,3
589,34,4
589,50,3
590,29,3
590,12,4
590,35,3
590,40,3
590,13,3
590,22,3
590,97,2
590,21,3
590,14,3
590,69,4
591,69,3
591,8,4
591,12,3
591,55,3
591,89,3
591,11,3
591,65,3
591,59,4
591,27,3
591,28,3
592,27,3
592,2,3
592,93,3
592,37,3
592,95,3
592,105,3
592,85,3
592,52,3
592,103,3
592,39,3
593,95,3
593,18,3
593,14,3
593,4,3
593,82,3
593,27,3
593,64,3
593,91,3
593,59,5
593,13,4
594,83,3
594,61,3
594,103,3
594,56,3
594,69,3
594,35,3
594,33,3
594,14,3
594,31,3
594,38,3
595,21,5
595,63,3
595,82,4
595,106,3
595,91,3
595,50,3
595,75,5
595,102,5
595,36,3
595,41,5
596,83,3
596,42,3
596,8,3
596,17,3
596,87,2
596,103,3
596,86,3
596,26,3
596,15,5
596,105,3
597,42,3
597,56,3
597,22,3
597,97,5
597,68,3
597,6,3
597,79,3
597,87,3
597,34,5
597,85,3
598,37,3
598,2,3
598,17,3
598,68,3
598,49,3
598,81,3
598,20,3
598,29,3
598,27,3
598,60,3
599,86,3
599,6,3
599,16,3
599,102,3
599,94,3
599,10,3
599,8,3
599,43,3
599,106,3
599,52,3
600,63,3
600,100,3
600,40,3
600,78,3
600,3,3
600,12,3
600,49,3
600,27,2
600,10,5
600,68,3
601,2,3
601,21,3
601,51,3
601,98,3
601,46,3
601,97,3
601,85,3
601,37,3
601,68,3
601,95,4
602,34,5
602,52,3
602,35,4
602,103,3
602,81,3
602,54,3
602,21,5
602,98,3
602,105,3
602,29,5
603,93,3
603,101,4
603,105,4
603,107,3
603,15,4
603,38,4
603,102,5
603,35,3
603,97,4
603,63,3
604,74,3
604,79,3
604,70,3
604,63,3
604,16,3
604,107,3
604,10,3
604,48,3
604,24,3
604,69,3
605,82,3
605,45,3
605,60,3
605,91,3
605,41,4
605,50,3
605,53,3
605,21,3
605,61,3
605,43,3
606,99,3
606,73,3
606,34,5
606,104,3
606,28,3
606,19,3
606,62,3
606,39,5
606,76,3
606,41,5
607,10,3
607,50,3
607,60,3
607,18,3
607,23,3
607,81,3
607,22,3
607,1,4
607,90,2
607,86,3
608,77,3
608,44,3
608,65,2
608,42,3
608,32,3
608,60,3
608,48,3
608,70,3
608,85,3
608,73,3
609,102,3
609,105,3
609,98,3
609,58,3
609,103,3
609,107,3
609,91,3
609,19,5
609,92,3
609,45,4
610,16,5
610,7,3
610,87,3
610,59,3
610,79,4
610,55,3
610,66,3
610,88,3
610,67,3
610,32,3
611,9,3
611,39,3
611,70,3
611,74,3
611,26,4
611,46,3
611,103,3
611,34,4
611,56,3
611,47,3
612,108,3
612,22,3
612,14,3
612,88,3
612,83,3
612,58,3
612,57,2
612,55,3
612,44,3
612,23,3
613,90,5
613,31,3
613,78,5
613,8,3
613,27,3
613,40,5
613,41,3
613,14,5
613,44,3
613,91,3
614,54,3
614,62,2
614,104,3
614,74,3
614,61,3
614,87,3
614,39,3
614,79,3
614,107,2
614,14,2
615,59,3
615,53,3
615,79,3
615,64,3
615,16,3
615,72,3
615,87,3
615,105,3
615,57,3
615,7,3
616,105,3
616,32,3
616,25,4
616,89,3
616,77,3
616,104,3
616,80,3
616,66,3
616,27,3
616,108,3
617,71,2
617,84,3
617,88,2
617,66,2
617,8,3
617,17,3
617,43,3
617,105,3
617,33,3
617,1,2
618,34,3
618,62,2
618,20,3
618,23,3
618,75,3
618,54,2
618,13,3
618,66,3
618,53,2
618,29,3
619,53,3
619,17,4
619,41,3
619,103,3
619,95,4
619,50,3
619,40,3
619,99,3
619,60,3
619,72,3
620,7,3
620,69,3
620,9,3
620,47,3
620,79,3
620,20,3
620,43,3
620,30,3
620,82,3
620,45,2
621,23,4
621,63,3
621,26,3
621,88,3
621,61,5
621,81,4
621,67,3
621,105,3
621,9,5
621,73,3
622,16,4
622,27,3
622,6,2
622,74,3
622,104,3
622,41,2
622,61,3
622,21,2
622,87,3
622,52,4
623,55,5
623,81,4
623,49,2
623,31,3
623,37,4
623,91,3
623,83,3
623,101,5
623,36,5
623,10,3
624,31,3
624,26,3
624,100,3
624,95,3
624,6,3
624,37,3
624,14,3
624,107,3
624,18,3
624,20,3
625,34,3
625,106,3
625,69,2
625,12,5
625,45,3
625,92,3
625,23,3
625,16,3
625,51,3
625,10,3
626,45,3
626,30,3
626,101,3
626,43,3
626,6,3
626,100,3
626,70,3
626,96,3
626,77,3
626,66,4
627,94,3
627,66,3
627,105,3
627,26,3
627,37,3
627,67,4
627,83,3
627,56,3
627,39,3
627,40,3
628,15,3
628,59,3
628,75,3
628,4,3
628,8,3
628,43,2
628,7,2
628,49,3
628,60,3
628,64,4
629,19,3
629,22,4
629,83,3
629,55,3
629,2,5
629,107,3
629,101,3
629,44,5
629,41,5
629,96,5
630,27,3
630,44,3
630,23,3
630,9,3
630,29,3
630,60,4
630,75,3
630,91,3
630,38,3
630,80,3
631,104,3
631,92,3
631,48,3
631,105,3
631,86,3
631,28,3
631,102,3
631,26,3
631,51,4
631,64,3
632,45,4
632,72,3
632,21,5
632,30,5
632,67,3
632,20,2
632,62,3
632,6,3
632,97,5
632,75,5
633,88,3
633,108,3
633,89,3
633,19,3
633,72,2
633,106,2
633,48,3
633,11,3
633,37,3
633,87,3
634,38,4
634,70,3
634,103,3
634,89,3
634,18,3
634,73,3
634,68,3
634,43,3
634,42,4
634,98,2
635,22,3
635,40,5
635,73,4
635,104,5
635,82,5
635,20,3
635,70,3
635,101,5
635,67,3
635,88,3
636,87,2
636,48,5
636,106,3
636,95,4
636,86,3
636,49,3
636,80,5
636,88,3
636,35,5
636,45,3
637,17,3
637,31,2
637,96,3
637,13,3
637,12,3
637,23,3
637,37,3
637,84,3
637,14,3
637,45,3
638,76,3
638,27,3
638,81,3
638,38,3
638,31,3
638,34,3
638,68,2
638,42,3
638,24,3
638,39,3
639,37,3
639,95,3
639,51,3
639,84,3
639,24,3
639,90,3
639,96,3
639,64,3
639,53,2
639,81,3
640,97,3
640,26,2
640,42,3
640,93,3
640,73,3
640,8,2
640,104,3
640,98,3
640,14,3
640,78,3
641,55,3
641,30,3
641,85,3
641,61,3
641,107,3
641,1,3
641,67,3
641,10,3
641,4,3
641,62,3
642,43,3
642,57,3
642,95,2
642,13,3
642,29,3
642,73,3
642,102,3
642,70,3
642,54,3
642,48,3
643,98,3
643,61,4
643,44,3
643,106,3
643,2,3
643,59,2
643,55,2
643,53,3
643,4,3
643,79,3
644,79,3
644,61,3
644,95,3
644,108,3
644,55,3
644,41,3
644,35,3
644,10,3
644,98,2
644,15,3
645,99,3
645,23,3
645,90,3
645,47,3
645,8,5
645,89,3
645,40,3
645,96,3
645,73,3
645,17,2
646,107,3
646,108,3
646,66,4
646,44,3
646,6,3
646,93,3
646,32,4
646,54,3
646,5,3
646,31,3
647,18,2
647,20,3
647,37,2
647,40,4
647,2,3
647,89,3
647,11,3
647,57,3
647,64,3
647,86,3
648,81,3
648,37,3
648,66,3
648,60,3
648,101,3
648,106,3
648,15,3
648,98,3
648,58,3
648,74,3
649,103,3
649,102,5
649,100,3
649,105,3
649,49,3
649,97,5
649,57,3
649,44,5
649,16,3
649,51,5
650,61,3
650,83,3
650,71,3
650,9,3
650,92,3
650,99,3
650,73,2
650,67,3
650,52,3
650,93,2
651,99,3
651,46,3
651,80,3
651,95,4
651,35,3
651,54,3
651,20,5
651,77,3
651,36,3
651,79,3
652,68,2
652,52,2
652,107,3
652,13,3
652,105,3
652,88,3
652,3,4
652,12,3
652,108,2
652,65,3
653,26,3
653,3,3
653,23,3
653,78,3
653,9,2
653,45,3
653,29,3
653,20,3
653,37,3
653,86,3
654,42,3
654,43,3
654,57,3
654,98,3
654,8,3
654,77,3
654,56,3
654,62,3
654,44,4
654,3,3
655,51,3
655,52,2
655,14,3
655,23,3
655,19,3
655,22,3
655,17,5
655,59,3
655,78,3
655,81,3
656,104,3
656,45,3
656,4,3
656,2,3
656,55,3
656,107,3
656,65,3
656,94,3
656,71,3
656,76,4
657,40,3
657,30,3
657,3,2
657,49,2
657,91,3
657,105,3
657,84,3
657,80,3
657,98,3
657,78,4
658,8,3
658,18,3
658,102,5
658,2,5
658,40,2
658,15,5
658,73,3
658,31,3
658,55,3
658,51,5
659,91,3
659,95,2
659,71,3
659,75,5
659,77,3
659,88,3
659,52,2
659,99,3
659,70,3
659,100,3
660,62,3
660,89,3
660,13,3
660,30,3
660,64,3
660,83,3
660,40,3
660,80,3
660,31,3
660,35,3
661,107,3
661,81,3
661,78,3
661,7,4
661,91,2
661,30,3
661,20,3
661,74,3
661,8,3
661,2,3
662,23,5
662,77,5
662,3,3
662,75,3
662,51,3
662,50,3
662,30,3
662,39,3
662,89,3
662,70,3
663,17,3
663,57,5
663,75,3
663,9,3
663,10,4
663,104,5
663,65,3
663,93,3
663,77,5
663,38,5
664,88,3
664,53,3
664,91,3
664,7,3
664,107,3
664,84,3
664,73,3
664,20,3
664,14,3
664,8,5
665,37,3
665,95,3
665,38,5
665,80,5
665,69,3
665,3,3
665,13,3
665,7,3
665,50,3
665,77,5
666,12,3
666,11,3
666,21,3
666,16,3
666,74,3
666,65,3
666,68,3
666,26,4
666,34,2
666,70,3
667,46,3
667,59,3
667,78,3
667,65,3
667,1,4
667,95,3
667,77,3
667,76,3
667,101,3
667,103,3
668,1,3
668,77,4
668,51,3
668,53,2
668,16,2
668,56,3
668,72,3
668,50,3
668,71,3
668,43,3
669,55,3
669,95,3
669,44,3
669,29,4
669,12,3
669,45,3
669,91,3
669,69,3
669,25,4
669,67,3
670,12,3
670,108,3
670,17,3
670,70,3
670,100,3
670,54,3
670,99,3
670,22,3
670,89,3
670,47,3
671,64,3
671,12,3
671,87,4
671,57,3
671,53,3
671,31,3
671,63,3
671,92,3
671,42,3
671,105,3
672,14,3
672,44,2
672,6,3
672,37,3
672,23,3
672,89,3
672,8,3
672,69,3
672,75,3
672,99,3
673,66,5
673,44,5
673,27,3
673,7,3
673,95,2
673,97,5
673,54,2
673,30,5
673,91,3
673,105,3
674,89,3
674,12,5
674,44,3
674,98,3
674,32,3
674,1,3
674,84,3
674,99,3
674,23,3
674,2,3
675,56,3
675,49,3
675,39,3
675,41,3
675,10,5
675,44,3
675,50,3
675,43,3
675,97,3
675,93,2
676,5,3
676,39,3
676,92,3
676,7,3
676,52,3
676,37,3
676,79,3
676,57,3
676,62,3
676,105,3
677,8,4
677,52,2
677,1,3
677,26,2
677,104,3
677,29,5
677,62,3
677,42,3
677,22,3
677,47,3
678,72,3
678,39,5
678,66,5
678,17,3
678,51,5
678,108,5
678,20,2
678,54,3
678,75,5
678,41,5
679,108,3
679,101,3
679,50,3
679,27,3
679,98,3
679,104,3
679,2,3
679,106,3
679,52,3
679,57,3
680,65,3
680,10,3
680,24,3
680,14,3
680,4,2
680,41,3
680,103,3
680,19,5
680,54,2
680,43,3
681,102,4
681,29,3
681,13,4
681,36,3
681,53,2
681,83,3
681,59,3
681,18,3
681,82,3
681,103,3
682,12,5
682,44,3
682,30,3
682,93,3
682,106,3
682,61,3
682,98,3
682,100,3
682,41,3
682,99,3
683,79,3
683,82,3
683,73,3
683,28,3
683,57,3
683,30,3
683,1,3
683,85,3
683,105,3
683,50,3
684,79,3
684,62,3
684,77,3
684,95,3
684,75,3
684,67,3
684,51,3
684,41,3
684,47,2
684,29,3
685,31,3
685,107,3
685,24,3
685,49,3
685,106,3
685,48,3
685,102,2
685,28,3
685,21,3
685,69,4
686,107,3
686,62,3
686,65,2
686,22,4
686,33,3
686,55,2
686,96,3
686,19,3
686,35,3
686,42,3
687,43,3
687,78,3
687,56,4
687,37,3
687,10,3
687,19,5
687,73,2
687,94,3
687,74,3
687,45,3
688,56,3
688,32,2
688,83,3
688,101,5
688,106,2
688,38,5
688,47,3
688,16,3
688,23,5
688,55,5
689,12,3
689,51,5
689,98,3
689,63,2
689,27,3
689,104,3
689,5,3
689,56,3
689,2,5
689,16,3
690,59,4
690,47,2
690,74,2
690,80,3
690,33,3
690,61,3
690,103,3
690,73,3
690,1,3
690,105,3
691,85,3
691,76,3
691,37,3
691,100,2
691,27,3
691,32,3
691,105,3
691,51,3
691,89,3
691,96,3
692,7,3
692,107,5
692,79,2
692,32,3
692,6,5
692,96,2
692,19,3
692,12,3
692,70,3
692,89,3
693,63,3
693,59,3
693,68,3
693,108,3
693,74,3
693,94,3
693,6,3
693,82,3
693,104,3
693,22,2
694,69,4
694,40,3
694,8,2
694,90,3
694,98,3
694,24,3
694,101,3
694,41,3
694,44,3
694,4,3
695,18,3
695,97,5
695,13,3
695,55,3
695,74,5
695,25,3
695,64,3
695,41,5
695,106,3
695,86,3
696,83,2
696,40,3
696,78,3
696,12,3
696,66,3
696,82,3
696,73,3
696,51,2
696,18,3
696,39,4
697,8,4
697,65,3
697,79,3
697,30,3
697,26,3
697,2,3
697,100,2
697,37,3
697,44,3
697,38,5
698,20,2
698,80,5
698,103,3
698,96,3
698,77,4
698,62,5
698,93,3
698,72,3
698,37,3
698,82,5
699,32,4
699,19,3
699,40,2
699,90,3
699,73,2
699,85,3
699,18,4
699,63,3
699,38,3
699,55,3
700,107,5
700,47,3
700,49,3
700,102,4
700,53,3
700,4,3
700,96,3
700,75,3
700,101,4
700,73,3
701,25,3
701,73,3
701,108,3
701,98,3
701,28,3
701,49,3
701,51,2
701,72,3
701,91,3
701,69,3
702,75,5
702,22,3
702,15,5
702,10,3
702,50,4
702,67,3
702,56,2
702,24,3
702,104,2
702,23,3
703,18,3
703,41,3
703,39,3
703,67,3
703,24,3
703,87,3
703,103,3
703,52,3
703,25,3
703,31,3
704,28,3
704,31,3
704,61,4
704,3,3
704,78,3
704,83,3
704,9,3
704,50,3
704,54,3
704,62,3
705,38,2
705,49,3
705,56,3
705,46,3
705,91,3
705,72,3
705,45,3
705,69,3
705,71,3
705,84,3
706,60,3
706,96,3
706,30,3
706,76,3
706,9,3
706,5,3
706,46,4
706,57,3
706,51,3
706,6,3
707,66,3
707,100,3
707,2,3
707,46,3
707,41,3
707,71,3
707,32,2
707,79,3
707,13,3
707,87,3
708,105,3
708,8,2
708,74,3
708,89,3
708,61,3
708,12,3
708,53,3
708,80,3
708,22,4
708,49,3
709,21,3
709,7,3
709,61,3
709,53,3
709,98,3
709,40,5
709,62,5
709,70,3
709,106,3
709,45,3
710,87,3
710,107,3
710,82,3
710,62,4
710,41,3
710,60,3
710,15,2
710,66,3
710,43,3
710,32,2
711,89,5
711,45,5
711,58,3
711,68,3
711,77,3
711,21,5
711,63,4
711,49,3
711,18,3
711,40,3
712,107,3
712,102,3
712,96,3
712,98,3
712,16,3
712,73,3
712,35,3
712,49,3
712,70,3
712,77,3
713,2,3
713,81,3
713,71,4
713,96,3
713,69,3
713,8,3
713,102,3
713,94,3
713,48,3
713,106,3
714,61,5
714,99,3
714,56,4
714,29,5
714,103,3
714,35,3
714,93,3
714,83,2
714,9,5
714,75,5
715,94,3
715,95,3
715,28,3
715,75,3
715,106,3
715,50,3
715,14,3
715,103,2
715,6,3
715,45,3
716,34,3
716,23,3
716,102,3
716,93,3
716,78,3
716,1,3
716,48,4
716,56,3
716,66,3
716,30,3
717,106,3
717,107,3
717,50,3
717,35,3
717,43,3
717,49,3
717,96,3
717,42,3
717,70,2
717,27,2
718,42,3
718,67,4
718,104,3
718,59,3
718,52,3
718,10,3
718,107,3
718,48,3
718,92,3
718,87,3
719,93,4
719,50,3
719,75,3
719,66,3
719,60,3
719,61,3
719,27,2
719,47,3
719,44,3
719,74,3
720,14,5
720,78,5
720,4,3
720,5,3
720,62,5
720,92,5
720,73,3
720,101,5
720,108,3
720,70,3
721,62,5
721,33,3
721,20,3
721,67,3
721,44,3
721,88,3
721,8,3
721,99,5
721,36,4
721,31,2
722,96,3
722,18,3
722,4,3
722,69,3
722,104,5
722,49,3
722,41,3
722,100,3
722,80,5
722,53,3
723,82,4
723,92,3
723,100,3
723,74,3
723,44,3
723,46,3
723,70,3
723,107,3
723,50,3
723,11,3
724,44,5
724,61,5
724,108,5
724,58,3
724,30,5
724,94,5
724,27,3
724,10,3
724,97,5
724,28,3
725,81,3
725,29,3
725,105,3
725,23,3
725,76,3
725,10,3
725,93,3
725,60,3
725,67,4
725,49,2
726,57,3
726,27,3
726,11,3
726,58,2
726,72,3
726,83,4
726,34,3
726,102,3
726,23,4
726,1,3
727,81,3
727,12,3
727,20,5
727,76,3
727,38,3
727,24,3
727,1,4
727,69,3
727,50,3
727,96,3
728,60,3
728,96,3
728,54,3
728,66,3
728,95,3
728,17,4
728,50,3
728,99,3
728,78,2
728,65,3
729,42,2
729,77,3
729,55,3
729,79,3
729,68,3
729,60,3
729,25,3
729,100,3
729,58,3
729,47,3
730,54,3
730,4,4
730,52,3
730,58,3
730,51,3
730,6,3
730,106,3
730,44,3
730,46,3
730,78,4
731,64,3
731,23,3
731,21,5
731,47,3
731,18,3
731,42,3
731,84,3
731,108,5
731,58,3
731,102,4
732,104,3
732,90,3
732,23,3
732,25,3
732,72,3
732,106,2
732,87,3
732,39,3
732,84,3
732,102,3
733,60,3
733,36,3
733,85,3
733,95,3
733,103,2
733,43,3
733,101,3
733,98,3
733,48,3
733,23,3
734,90,3
734,52,3
734,98,3
734,5,3
734,102,5
734,92,3
734,32,4
734,35,4
734,3,2
734,57,3
735,51,3
735,33,3
735,47,3
735,7,4
735,30,3
735,108,3
735,106,3
735,43,3
735,95,2
735,103,3
736,22,3
736,33,3
736,63,2
736,9,2
736,90,4
736,25,3
736,46,3
736,56,3
736,39,3
736,103,3
737,59,3
737,106,3
737,50,3
737,82,4
737,101,3
737,61,3
737,99,3
737,102,3
737,37,3
737,104,2
738,10,3
738,43,3
738,37,3
738,53,3
738,76,4
738,108,4
738,71,3
738,103,3
738,72,3
738,74,2
739,108,3
739,7,3
739,83,3
739,29,4
739,107,3
739,64,3
739,60,3
739,104,3
739,14,4
739,43,3
740,46,3
740,8,3
740,5,3
740,6,3
740,42,3
740,90,3
740,61,4
740,34,3
740,105,3
740,64,3
741,42,3
741,20,3
741,100,3
741,27,3
741,3,3
741,72,3
741,62,4
741,83,3
741,60,3
741,57,3
742,47,4
742,5,3
742,13,3
742,77,3
742,4,3
742,9,5
742,70,3
742,8,3
742,92,4
742,95,3
743,32,3
743,6,3
743,42,3
743,34,3
743,89,3
743,21,4
743,90,3
743,108,4
743,39,4
743,46,3
744,77,3
744,10,5
744,53,3
744,35,3
744,104,3
744,56,2
744,24,3
744,83,3
744,74,3
744,93,2
745,18,3
745,67,3
745,88,2
745,44,4
745,45,3
745,53,3
745,71,3
745,101,3
745,7,3
745,16,5
746,3,3
746,41,3
746,9,3
746,25,3
746,65,3
746,22,3
746,93,3
746,53,3
746,8,3
746,18,3
747,105,3
747,89,3
747,14,3
747,60,3
747,103,3
747,33,4
747,56,3
747,58,3
747,5,3
747,44,3
748,47,3
748,106,3
748,76,4
748,105,3
748,53,3
748,42,3
748,59,3
748,67,3
748,12,5
748,54,3
749,74,3
749,29,3
749,20,3
749,10,3
749,91,3
749,76,3
749,44,3
749,94,4
749,49,3
749,106,3
750,93,4
750,24,3
750,33,3
750,47,3
750,46,3
750,101,3
750,79,3
750,74,3
750,29,4
750,77,2
751,54,4
751,1,2
751,24,3
751,60,3
751,52,3
751,3,3
751,66,3
751,88,3
751,35,3
751,43,3
752,17,3
752,51,4
752,49,4
752,93,3
752,19,3
752,55,3
752,30,5
752,102,5
752,6,2
752,35,3
753,56,4
753,54,2
753,47,3
753,68,3
753,30,3
753,92,2
753,11,3
753,100,3
753,67,4
753,13,3
754,42,3
754,99,3
754,74,3
754,7,3
754,23,3
754,75,3
754,94,3
754,50,3
754,54,3
754,38,2
755,107,5
755,83,3
755,82,5
755,77,5
755,80,5
755,2,3
755,85,3
755,10,3
755,100,3
755,37,3
756,77,3
756,48,3
756,69,3
756,55,3
756,38,3
756,105,3
756,79,3
756,15,3
756,49,3
756,8,3
757,17,3
757,14,5
757,51,3
757,94,4
757,101,5
757,72,2
757,45,2
757,87,3
757,83,3
757,28,3
758,79,3
758,60,3
758,96,3
758,80,3
758,9,3
758,15,3
758,22,3
758,37,3
758,28,4
758,98,3
759,93,2
759,103,4
759,15,3
759,17,3
759,47,3
759,51,3
759,46,3
759,73,3
759,36,3
759,106,3
760,9,4
760,36,5
760,63,3
760,30,3
760,61,3
760,16,3
760,72,3
760,37,4
760,53,3
760,94,3
761,34,3
761,7,3
761,94,3
761,100,3
761,29,3
761,32,3
761,69,3
761,104,5
761,53,2
761,27,3
762,65,3
762,61,3
762,55,3
762,6,3
762,36,3
762,13,4
762,77,3
762,95,3
762,79,3
762,3,3
763,3,3
763,102,3
763,86,3
763,8,5
763,64,3
763,36,3
763,93,3
763,77,4
763,42,3
763,1,3
764,7,3
764,26,3
764,4,3
764,78,2
764,10,3
764,18,5
764,63,3
764,29,3
764,89,3
764,101,3
765,95,3
765,94,3
765,12,3
765,5,3
765,105,3
765,40,3
765,33,4
765,92,3
765,14,2
765,46,3
766,78,2
766,52,3
766,58,3
766,30,3
766,14,3
766,91,3
766,95,3
766,87,3
766,66,2
766,25,3
767,23,5
767,107,4
767,85,3
767,26,2
767,5,3
767,8,3
767,88,3
767,2,3
767,18,3
767,108,2
768,21,5
768,92,3
768,22,2
768,46,3
768,77,3
768,98,3
768,66,5
768,97,5
768,57,3
768,6,4
769,86,3
769,1,3
769,46,2
769,65,3
769,53,3
769,8,3
769,90,3
769,45,3
769,33,3
769,78,3
770,62,4
770,91,3
770,14,3
770,89,3
770,72,3
770,52,3
770,13,3
770,67,3
770,51,3
770,47,3
771,105,3
771,93,4
771,68,3
771,16,3
771,46,2
771,17,3
771,63,2
771,23,4
771,12,4
771,49,3
772,68,3
772,85,3
772,74,3
772,22,3
772,21,3
772,56,4
772,31,3
772,13,3
772,36,4
772,95,4
773,44,5
773,96,5
773,10,2
773,37,5
773,17,3
773,49,3
773,3,3
773,1,3
773,62,3
773,21,4
774,2,3
774,100,3
774,72,3
774,40,3
774,26,3
774,60,3
774,17,3
774,46,3
774,73,3
774,104,3
775,1,5
775,95,3
775,69,3
775,3,3
775,10,3
775,41,3
775,62,5
775,84,5
775,2,3
775,16,2
776,77,3
776,96,3
776,8,3
776,1,3
776,103,3
776,89,3
776,46,3
776,57,3
776,14,3
776,33,3
777,87,3
777,25,3
777,1,5
777,88,3
777,103,3
777,101,5
777,15,2
777,71,3
777,74,2
777,31,3
778,91,3
778,69,3
778,1,3
778,27,3
778,23,3
778,93,3
778,79,3
778,72,3
778,8,5
778,52,3
779,29,3
779,99,3
779,68,3
779,85,3
779,90,3
779,83,3
779,25,3
779,105,4
779,16,5
779,45,3
780,75,3
780,77,3
780,7,3
780,24,3
780,29,3
780,28,3
780,68,3
780,31,3
780,106,3
780,62,3
781,88,4
781,62,5
781,84,5
781,26,3
781,10,3
781,69,4
781,51,3
781,64,3
781,52,3
781,36,5
782,29,5
782,22,3
782,3,3
782,20,3
782,39,5
782,102,5
782,11,3
782,103,2
782,104,3
782,97,5
783,10,3
783,47,3
783,17,2
783,30,3
783,93,3
783,79,3
783,51,3
783,65,3
783,108,3
783,90,3
784,103,3
784,35,3
784,6,3
784,44,3
784,37,3
784,4,3
784,67,3
784,98,3
784,75,3
784,95,3
785,85,3
785,70,2
785,2,5
785,74,5
785,49,3
785,64,3
785,43,3
785,48,3
785,6,3
785,93,3
786,43,3
786,18,4
786,84,3
786,54,3
786,67,2
786,105,3
786,60,3
786,81,3
786,4,3
786,47,3
787,59,5
787,75,5
787,89,5
787,97,5
787,106,3
787,39,5
787,62,3
787,70,3
787,14,3
787,58,3
788,27,3
788,43,2
788,11,3
788,105,5
788,62,5
788,100,3
788,30,3
788,86,3
788,101,5
788,87,3
789,63,3
789,70,3
789,31,3
789,49,3
789,84,3
789,38,3
789,71,3
789,53,3
789,7,3
789,11,3
790,1,3
790,31,3
790,75,4
790,98,3
790,58,3
790,16,2
790,74,3
790,87,3
790,35,3
790,9,3
791,18,3
791,74,3
791,42,3
791,50,4
791,58,3
791,92,3
791,69,3
791,36,3
791,68,3
791,76,3
792,107,3
792,75,4
792,38,3
792,99,3
792,19,3
792,85,3
792,37,3
792,58,3
792,91,3
792,67,3
793,43,3
793,20,3
793,91,3
793,64,3
793,47,3
793,19,3
793,18,3
793,15,3
793,12,2
793,55,3
794,74,3
794,88,4
794,79,3
794,65,3
794,67,3
794,96,3
794,73,2
794,53,3
794,42,4
794,92,3
795,71,3
795,107,3
795,27,3
795,73,3
795,36,4
795,63,3
795,22,3
795,86,3
795,30,3
795,7,3
796,37,3
796,54,3
796,85,3
796,24,3
796,33,3
796,43,3
796,28,2
796,12,3
796,79,3
796,27,3
797,85,3
797,96,5
797,70,3
797,72,3
797,52,3
797,73,3
797,36,3
797,14,3
797,74,5
797,67,3
798,19,4
798,102,2
798,32,3
798,59,3
798,7,5
798,26,3
798,27,3
798,39,3
798,24,3
798,14,3
799,42,3
799,91,3
799,11,5
799,69,3
799,21,3
799,37,3
799,30,3
799,14,3
799,48,3
799,103,3
800,74,3
800,77,3
800,104,4
800,18,5
800,32,3
800,61,3
800,9,3
800,5,3
800,10,3
800,13,3
801,3,3
801,62,5
801,71,3
801,93,3
801,65,2
801,16,4
801,70,3
801,100,3
801,37,3
801,13,3
802,48,4
802,63,3
802,105,3
802,38,3
802,98,4
802,45,3
802,53,3
802,34,3
802,26,3
802,86,3
803,82,4
803,90,5
803,14,5
803,50,3
803,93,3
803,24,3
803,91,3
803,39,3
803,70,3
803,26,3
804,99,4
804,83,3
804,93,4
804,31,3
804,72,3
804,90,3
804,55,4
804,45,3
804,11,3
804,32,3
805,91,4
805,60,3
805,78,3
805,99,3
805,77,3
805,62,4
805,17,3
805,36,3
805,72,3
805,97,3
806,69,3
806,62,3
806,83,3
806,3,5
806,91,3
806,30,3
806,101,3
806,38,3
806,106,3
806,72,3
807,63,3
807,5,4
807,79,3
807,48,3
807,98,3
807,19,3
807,27,3
807,97,2
807,69,3
807,11,3
808,80,3
808,102,5
808,10,3
808,40,4
808,13,3
808,48,3
808,58,4
808,47,3
808,82,3
808,101,3
809,39,5
809,108,5
809,13,3
809,78,3
809,95,3
809,6,3
809,10,3
809,8,3
809,29,5
809,79,3
810,107,3
810,14,3
810,67,3
810,41,3
810,53,2
810,45,3
810,48,4
810,37,2
810,60,3
810,61,3
811,100,3
811,105,4
811,39,3
811,17,5
811,103,3
811,91,3
811,6,3
811,9,4
811,36,3
811,49,3
812,82,5
812,83,3
812,98,3
812,73,3
812,41,3
812,22,3
812,34,3
812,89,3
812,25,3
812,63,3
813,71,3
813,79,3
813,41,5
813,64,3
813,86,2
813,25,2
813,95,3
813,60,3
813,104,3
813,63,3
814,20,5
814,5,5
814,14,3
814,19,4
814,103,3
814,107,3
814,37,4
814,34,3
814,95,3
814,11,3
815,71,3
815,49,3
815,99,3
815,15,3
815,13,3
815,39,3
815,100,3
815,38,3
815,65,3
815,54,3
816,2,3
816,57,3
816,87,3
816,63,3
816,3,3
816,43,3
816,52,3
816,20,3
816,8,3
816,31,3
817,96,3
817,31,3
817,27,3
817,57,3
817,14,4
817,53,3
817,15,3
817,78,3
817,41,3
817,34,3
818,35,3
818,75,3
818,93,3
818,98,3
818,19,4
818,43,3
818,97,2
818,21,3
818,57,2
818,53,4
819,104,3
819,96,3
819,71,3
819,102,3
819,92,3
819,72,3
819,23,3
819,36,3
819,88,3
819,56,3
820,86,3
820,101,5
820,20,3
820,24,3
820,35,5
820,69,3
820,45,3
820,31,3
820,70,3
820,108,3
821,71,3
821,107,3
821,14,3
821,53,3
821,27,2
821,98,3
821,59,3
821,35,3
821,18,3
821,56,4
822,69,2
822,77,3
822,25,3
822,80,3
822,42,3
822,20,3
822,56,3
822,62,3
822,92,3
822,17,5
823,74,3
823,27,3
823,5,3
823,25,3
823,1,3
823,88,3
823,87,3
823,53,3
823,26,3
823,51,3
824,61,3
824,94,3
824,6,3
824,99,4
824,46,3
824,74,3
824,13,4
824,39,3
824,31,3
824,3,3
825,17,3
825,3,3
825,92,3
825,97,3
825,37,3
825,44,3
825,70,3
825,91,3
825,16,3
825,55,3
826,29,3
826,79,3
826,59,3
826,31,3
826,2,3
826,48,3
826,69,3
826,86,3
826,14,3
826,9,3
827,14,4
827,4,3
827,80,3
827,10,5
827,104,3
827,88,3
827,24,3
827,37,4
827,108,3
827,102,3
828,17,3
828,94,3
828,4,3
828,64,3
828,93,4
828,79,3
828,6,5
828,81,5
828,108,3
828,68,4
829,53,3
829,49,3
829,46,4
829,37,3
829,52,4
829,88,3
829,28,3
829,80,5
829,21,3
829,12,3
830,102,3
830,21,4
830,81,3
830,101,3
830,103,3
830,60,3
830,76,3
830,12,5
830,71,3
830,77,3
831,69,5
831,75,5
831,63,2
831,100,3
831,70,3
831,28,4
831,101,3
831,72,3
831,64,3
831,23,3
832,83,2
832,73,3
832,10,3
832,76,3
832,3,4
832,36,3
832,12,3
832,90,2
832,42,3
832,49,4
833,81,3
833,72,3
833,56,3
833,59,3
833,47,3
833,88,3
833,86,3
833,12,3
833,107,4
833,103,3
834,16,3
834,83,3
834,51,3
834,86,3
834,102,3
834,18,3
834,3,3
834,20,3
834,56,3
834,57,3
835,77,4
835,53,4
835,55,5
835,34,3
835,28,3
835,67,2
835,7,2
835,93,3
835,60,5
835,4,3
836,2,5
836,12,3
836,89,4
836,76,3
836,78,3
836,95,3
836,103,3
836,7,3
836,4,2
836,56,3
837,89,2
837,23,3
837,93,3
837,76,3
837,10,3
837,25,3
837,4,4
837,78,3
837,17,3
837,34,3
838,58,3
838,24,3
838,28,3
838,3,4
838,93,3
838,74,5
838,1,3
838,10,2
838,65,3
838,94,5
839,55,5
839,2,3
839,90,5
839,89,3
839,16,3
839,74,3
839,82,4
839,44,3
839,72,3
839,79,3
840,14,3
840,69,4
840,90,3
840,79,3
840,61,3
840,36,3
840,98,3
840,3,3
840,78,3
840,75,2
841,4,5
841,16,4
841,84,3
841,2,3
841,99,3
841,21,3
841,95,3
841,26,3
841,14,3
841,15,3
842,50,3
842,65,2
842,49,3
842,26,3
842,29,4
842,21,3
842,28,3
842,99,5
842,17,3
842,2,2
843,102,3
843,16,3
843,1,3
843,64,4
843,13,3
843,45,3
843,66,3
843,53,3
843,52,3
843,41,4
844,69,4
844,39,3
844,33,3
844,106,3
844,27,3
844,5,3
844,1,3
844,54,3
844,92,3
844,18,3
845,74,5
845,8,3
845,25,3
845,36,3
845,21,5
845,15,4
845,10,4
845,90,3
845,22,3
845,32,4
846,104,3
846,63,3
846,56,3
846,68,3
846,18,3
846,2,3
846,94,3
846,82,3
846,24,3
846,101,3
847,73,3
847,97,3
847,37,3
847,34,3
847,49,4
847,84,3
847,32,3
847,88,2
847,86,4
847,4,3
848,23,3
848,2,3
848,60,3
848,37,4
848,96,4
848,65,3
848,103,3
848,67,3
848,8,3
848,35,3
849,29,3
849,81,3
849,7,3
849,32,3
849,30,2
849,98,3
849,36,3
849,104,3
849,53,3
849,95,3
850,46,3
850,107,3
850,4,3
850,17,3
850,58,3
850,3,3
850,64,3
850,77,3
850,91,3
850,61,5
851,42,3
851,59,3
851,22,3
851,49,3
851,29,3
851,82,3
851,89,3
851,91,2
851,68,3
851,73,3
852,52,3
852,20,4
852,5,5
852,62,3
852,39,3
852,105,3
852,19,5
852,11,2
852,67,3
852,12,3
853,8,3
853,33,3
853,16,3
853,74,2
853,82,3
853,87,3
853,14,2
853,55,4
853,97,3
853,21,3
854,103,3
854,89,3
854,20,3
854,10,3
854,41,3
854,87,3
854,107,2
854,3,5
854,26,3
854,24,3
855,66,3
855,69,3
855,2,3
855,96,3
855,64,3
855,52,3
855,74,3
855,43,3
855,36,3
855,100,3
856,24,3
856,40,3
856,9,3
856,80,3
856,91,3
856,98,3
856,53,2
856,14,2
856,6,3
856,100,3
857,13,3
857,42,3
857,3,3
857,4,3
857,55,3
857,77,3
857,12,2
857,22,3
857,43,3
857,102,3
858,38,3
858,23,3
858,35,3
858,10,3
858,70,3
858,77,3
858,14,3
858,62,3
858,24,3
858,11,4
859,88,3
859,94,5
859,97,5
859,54,3
859,3,3
859,48,3
859,58,3
859,106,3
859,75,5
859,65,3
860,15,3
860,103,3
860,30,3
860,36,3
860,64,3
860,69,2
860,39,3
860,75,3
860,55,3
860,54,3
861,61,5
861,77,3
861,5,3
861,48,3
861,73,3
861,47,4
861,97,5
861,91,3
861,81,3
861,107,3
862,82,3
862,69,3
862,97,2
862,11,3
862,4,3
862,104,3
862,30,4
862,99,4
862,68,3
862,74,3
863,3,3
863,72,2
863,37,3
863,25,3
863,102,3
863,60,3
863,89,3
863,69,2
863,49,3
863,31,3
864,14,3
864,76,3
864,104,3
864,55,3
864,108,3
864,32,3
864,103,3
864,78,3
864,57,3
864,47,3
865,68,3
865,75,5
865,66,4
865,48,3
865,108,5
865,79,3
865,70,3
865,74,5
865,91,2
865,96,5
866,22,3
866,37,4
866,28,3
866,42,3
866,70,3
866,95,3
866,96,5
866,25,3
866,76,3
866,20,3
867,86,4
867,45,3
867,42,3
867,82,3
867,22,3
867,14,3
867,4,3
867,51,3
867,67,3
867,6,3
868,17,3
868,70,4
868,88,4
868,58,3
868,96,3
868,21,3
868,28,2
868,69,3
868,4,3
868,32,3
869,15,4
869,30,3
869,67,3
869,6,5
869,90,5
869,74,3
869,76,3
869,92,5
869,11,3
869,59,3
870,97,3
870,107,3
870,22,3
870,93,3
870,105,3
870,9,3
870,32,3
870,99,3
870,81,3
870,35,3
871,35,3
871,18,3
871,108,5
871,19,3
871,31,3
871,66,5
871,83,3
871,36,3
871,103,3
871,82,3
872,8,3
872,73,3
872,36,3
872,62,3
872,4,2
872,100,3
872,35,3
872,37,3
872,92,3
872,87,3
873,57,3
873,27,2
873,35,3
873,40,3
873,99,3
873,49,3
873,58,3
873,63,3
873,87,3
873,52,3
874,66,3
874,104,4
874,41,3
874,5,4
874,39,3
874,23,3
874,21,3
874,9,3
874,63,3
874,75,4
875,93,3
875,27,3
875,15,3
875,28,3
875,78,3
875,81,3
875,38,3
875,53,3
875,3,3
875,24,3
876,21,5
876,79,3
876,28,3
876,10,3
876,52,3
876,55,3
876,51,5
876,91,3
876,38,3
876,22,3
877,18,3
877,33,3
877,104,3
877,77,3
877,40,2
877,65,3
877,29,2
877,47,3
877,31,3
877,102,3
878,73,3
878,33,4
878,57,3
878,41,3
878,25,4
878,102,3
878,14,3
878,30,3
878,29,4
878,54,3
879,22,3
879,9,3
879,84,3
879,53,3
879,21,3
879,65,3
879,13,3
879,72,3
879,25,3
879,46,3
880,95,3
880,61,3
880,82,4
880,13,3
880,78,3
880,85,3
880,79,3
880,42,3
880,70,3
880,37,3
881,83,3
881,92,4
881,76,3
881,26,3
881,91,3
881,6,4
881,79,4
881,98,3
881,30,3
881,88,3
882,19,5
882,17,3
882,45,3
882,51,3
882,94,3
882,15,3
882,78,3
882,75,3
882,11,4
882,29,3
883,22,3
883,52,3
883,83,3
883,54,3
883,13,3
883,79,3
883,27,3
883,1,2
883,23,3
883,59,3
884,36,3
884,3,3
884,9,3
884,106,3
884,42,3
884,60,3
884,61,3
884,64,3
884,92,2
884,33,3
885,17,3
885,18,3
885,7,3
885,100,3
885,86,3
885,83,3
885,42,3
885,11,4
885,53,3
885,103,3
886,64,3
886,38,3
886,91,3
886,15,3
886,74,2
886,43,3
886,70,3
886,60,3
886,5,3
886,41,3
887,103,3
887,67,3
887,68,4
887,51,5
887,61,5
887,108,5
887,55,4
887,12,3
887,82,3
887,24,3
888,89,5
888,103,3
888,38,3
888,66,5
888,31,3
888,23,4
888,27,3
888,59,5
888,86,3
888,9,5
889,1,3
889,8,2
889,66,3
889,11,5
889,97,3
889,43,3
889,46,3
889,24,3
889,47,3
889,19,3
890,66,5
890,16,3
890,68,4
890,47,3
890,21,5
890,72,3
890,17,3
890,77,3
890,108,5
890,96,5
891,29,3
891,84,3
891,76,3
891,24,3
891,40,3
891,108,4
891,19,3
891,32,3
891,35,3
891,78,2
892,1,2
892,92,3
892,13,3
892,85,3
892,64,3
892,17,5
892,12,5
892,31,2
892,3,5
892,48,3
893,85,3
893,72,3
893,81,2
893,80,3
893,27,3
893,47,2
893,79,3
893,78,3
893,106,3
893,7,3
894,26,3
894,46,3
894,69,3
894,62,3
894,70,3
894,99,4
894,47,3
894,67,3
894,30,4
894,44,3
895,9,3
895,5,3
895,89,3
895,49,3
895,1,3
895,56,3
895,106,3
895,21,3
895,30,3
895,40,3
896,101,3
896,38,3
896,22,3
896,53,3
896,88,3
896,17,3
896,105,3
896,66,3
896,84,3
896,28,3
897,5,3
897,103,3
897,10,3
897,87,3
897,93,3
897,76,3
897,61,3
897,58,5
897,7,3
897,48,5
898,26,3
898,61,3
898,96,3
898,32,3
898,20,3
898,66,3
898,24,3
898,30,2
898,12,3
898,35,3
899,82,3
899,81,3
899,65,3
899,90,3
899,73,3
899,104,3
899,74,2
899,50,3
899,54,3
899,59,3
900,62,3
900,36,3
900,81,3
900,60,3
900,51,2
900,83,3
900,77,3
900,12,5
900,71,3
900,88,3
901,32,3
901,98,3
901,3,2
901,23,3
901,95,3
901,64,3
901,89,3
901,53,3
901,42,3
901,43,3
902,27,4
902,39,3
902,105,3
902,65,3
902,57,3
902,59,3
902,2,3
902,78,3
902,77,2
902,43,3
903,93,3
903,59,3
903,97,3
903,45,2
903,48,3
903,51,3
903,33,2
903,107,3
903,15,3
903,65,3
904,70,3
904,45,4
904,62,3
904,88,3
904,81,3
904,74,3
904,6,3
904,51,3
904,68,3
904,33,3
905,97,5
905,13,3
905,38,3
905,19,3
905,102,5
905,41,5
905,83,3
905,18,3
905,88,3
905,96,5
906,53,3
906,46,3
906,44,3
906,18,3
906,102,3
906,42,2
906,99,3
906,33,3
906,52,3
906,12,3
907,73,3
907,11,3
907,100,3
907,49,3
907,5,3
907,32,3
907,55,5
907,60,5
907,90,5
907,98,3
908,37,4
908,26,3
908,59,3
908,91,3
908,78,3
908,77,3
908,99,3
908,105,3
908,39,3
908,1,3
909,32,3
909,85,3
909,102,3
909,14,5
909,16,3
909,105,5
909,96,3
909,86,3
909,45,3
909,82,5
910,22,3
910,44,3
910,102,2
910,49,3
910,81,5
910,30,3
910,52,3
910,68,3
910,57,5
910,24,3
911,79,3
911,73,4
911,27,3
911,108,4
911,16,3
911,31,3
911,63,3
911,103,3
911,35,3
911,42,2
912,12,3
912,54,3
912,69,3
912,56,3
912,15,3
912,47,4
912,76,3
912,22,3
912,94,2
912,58,3
913,6,2
913,19,5
913,103,3
913,38,4
913,43,3
913,69,3
913,56,3
913,15,3
913,73,3
913,34,3
914,71,3
914,48,3
914,85,3
914,88,3
914,52,3
914,50,3
914,26,3
914,69,3
914,11,3
914,68,3
915,95,4
915,79,3
915,5,3
915,67,4
915,49,3
915,71,4
915,78,3
915,77,3
915,83,4
915,9,3
916,15,5
916,68,3
916,71,3
916,36,3
916,33,5
916,67,3
916,80,3
916,92,3
916,52,3
916,21,5
917,98,3
917,18,3
917,53,3
917,54,2
917,74,5
917,103,3
917,12,3
917,96,5
917,52,4
917,91,3
918,30,2
918,11,5
918,12,3
918,10,3
918,6,2
918,85,3
918,74,3
918,34,3
918,83,3
918,57,3
919,24,3
919,46,3
919,105,3
919,69,3
919,98,4
919,30,3
919,101,3
919,14,3
919,60,3
919,70,3
920,38,2
920,35,3
920,50,3
920,49,3
920,19,3
920,32,3
920,56,3
920,22,3
920,54,3
920,81,3
921,99,3
921,9,3
921,15,3
921,90,3
921,29,3
921,104,2
921,39,3
921,61,3
921,56,3
921,57,4
922,54,3
922,22,3
922,44,3
922,20,4
922,34,2
922,21,3
922,77,5
922,12,3
922,61,3
922,30,3
923,55,5
923,40,5
923,92,5
923,7,3
923,24,3
923,38,5
923,4,3
923,45,4
923,26,3
923,103,3
924,46,3
924,37,3
924,41,3
924,45,3
924,15,3
924,18,3
924,56,3
924,84,4
924,48,5
924,43,3
925,12,3
925,8,3
925,21,3
925,77,4
925,83,3
925,92,3
925,45,3
925,43,3
925,66,3
925,49,3
926,69,4
926,107,3
926,70,3
926,62,3
926,60,4
926,27,3
926,42,3
926,65,3
926,50,3
926,2,3
927,13,3
927,17,3
927,7,3
927,95,3
927,108,3
927,57,5
927,20,3
927,2,3
927,51,3
927,41,3
928,60,2
928,108,3
928,61,3
928,72,3
928,9,3
928,4,5
928,46,3
928,40,3
928,29,3
928,68,3
929,8,3
929,48,3
929,101,3
929,50,4
929,90,3
929,40,3
929,73,3
929,95,3
929,104,3
929,21,3
930,76,4
930,78,4
930,62,3
930,99,3
930,47,3
930,43,3
930,29,3
930,95,3
930,7,3
930,82,3
931,57,5
931,51,3
931,56,3
931,13,3
931,70,3
931,101,5
931,89,3
931,106,3
931,100,3
931,9,3
932,59,3
932,43,3
932,13,3
932,87,4
932,53,3
932,9,3
932,1,3
932,38,3
932,80,3
932,3,4
933,85,3
933,108,3
933,8,3
933,98,3
933,104,3
933,16,3
933,72,3
933,36,3
933,14,3
933,74,3
934,106,3
934,35,3
934,76,3
934,21,4
934,75,3
934,42,3
934,105,3
934,65,3
934,26,3
934,69,3
935,45,3
935,4,3
935,49,3
935,43,3
935,69,3
935,17,3
935,85,3
935,78,3
935,55,3
935,9,3
936,13,3
936,85,3
936,88,3
936,82,5
936,19,3
936,99,4
936,4,3
936,29,2
936,24,3
936,103,3
937,77,3
937,65,3
937,105,3
937,20,3
937,73,3
937,108,3
937,42,3
937,2,3
937,5,3
937,18,3
938,7,3
938,68,3
938,71,3
938,57,3
938,28,3
938,60,3
938,103,3
938,104,3
938,24,3
938,89,5
939,72,3
939,77,3
939,48,3
939,106,3
939,17,3
939,10,5
939,64,3
939,87,2
939,45,3
939,49,3
940,10,3
940,86,3
940,39,4
940,28,3
940,45,3
940,34,3
940,3,3
940,71,3
940,105,3
940,41,2
941,14,3
941,62,3
941,50,3
941,103,3
941,13,3
941,66,3
941,73,3
941,104,3
941,26,3
941,89,3
942,21,3
942,97,3
942,84,3
942,86,2
942,68,3
942,5,3
942,1,2
942,88,2
942,24,3
942,90,3
943,86,3
943,72,3
943,49,3
943,56,3
943,91,4
943,14,4
943,54,3
943,59,3
943,96,3
943,12,3
944,108,3
944,14,2
944,98,4
944,4,3
944,31,3
944,76,3
944,26,4
944,13,5
944,77,3
944,10,3
945,86,3
945,47,4
945,91,3
945,4,3
945,107,3
945,82,3
945,23,4
945,45,2
945,84,3
945,12,4
946,96,3
946,2,3
946,97,3
946,73,3
946,103,3
946,44,4
946,3,3
946,87,3
946,23,3
946,68,2
947,43,3
947,104,3
947,27,3
947,87,3
947,63,3
947,82,3
947,1,3
947,100,3
947,75,3
947,90,3
948,2,3
948,27,3
948,67,3
948,54,3
948,63,3
948,19,3
948,69,3
948,41,3
948,39,2
948,84,3
949,77,3
949,68,4
949,63,2
949,86,2
949,58,3
949,92,3
949,37,3
949,98,3
949,73,3
949,45,3
950,87,3
950,76,3
950,73,3
950,30,3
950,49,3
950,37,4
950,12,3
950,44,2
950,23,4
950,29,3
951,18,5
951,102,3
951,24,2
951,15,3
951,11,3
951,19,3
951,27,3
951,56,3
951,35,3
951,106,2
952,54,3
952,89,3
952,81,3
952,36,3
952,74,3
952,9,3
952,39,3
952,99,3
952,12,3
952,107,3
953,29,5
953,75,5
953,92,3
953,71,4
953,93,3
953,90,3
953,56,3
953,12,3
953,52,3
953,84,3
954,47,3
954,84,3
954,5,3
954,71,2
954,4,3
954,67,3
954,48,3
954,97,3
954,51,3
954,39,3
955,78,3
955,103,3
955,24,3
955,63,3
955,18,3
955,80,3
955,30,3
955,13,3
955,15,4
955,84,2
956,20,5
956,98,3
956,22,3
956,97,3
956,69,4
956,62,3
956,85,3
956,59,3
956,27,3
956,55,3
957,108,3
957,24,3
957,49,3
957,42,3
957,102,2
957,32,3
957,12,3
957,106,3
957,64,3
957,19,3
958,64,3
958,85,3
958,29,3
958,37,3
958,86,3
958,59,3
958,79,3
958,57,3
958,33,3
958,69,3
959,40,3
959,4,4
959,10,5
959,43,3
959,102,3
959,34,3
959,74,3
959,87,3
959,72,2
959,66,3
960,97,3
960,87,3
960,69,3
960,4,3
960,22,3
960,54,2
960,80,3
960,105,3
960,39,3
960,52,3
961,70,3
961,75,5
961,2,5
961,46,3
961,57,3
961,83,3
961,54,3
961,3,2
961,101,3
961,94,5
962,30,3
962,102,3
962,13,3
962,73,3
962,46,3
962,39,3
962,61,3
962,55,4
962,37,4
962,88,2
963,19,2
963,30,3
963,52,3
963,56,4
963,54,3
963,82,3
963,107,3
963,4,5
963,50,3
963,71,3
964,6,5
964,105,5
964,68,4
964,40,5
964,95,2
964,18,4
964,107,5
964,87,3
964,100,3
964,47,3
965,45,5
965,60,3
965,17,4
965,40,3
965,104,3
965,80,4
965,31,3
965,47,3
965,4,3
965,28,4
966,24,3
966,41,4
966,44,3
966,64,3
966,93,3
966,68,3
966,66,3
966,37,4
966,60,5
966,23,5
967,48,5
967,91,3
967,61,3
967,24,3
967,11,3
967,65,3
967,52,3
967,77,5
967,37,3
967,70,3
968,36,3
968,88,3
968,66,3
968,92,3
968,43,2
968,86,3
968,37,3
968,52,3
968,99,3
968,11,3
969,51,3
969,102,3
969,61,3
969,12,3
969,68,2
969,13,2
969,21,3
969,98,2
969,33,3
969,14,5
970,91,3
970,101,2
970,75,4
970,7,3
970,59,3
970,56,3
970,95,3
970,93,3
970,5,5
970,23,2
971,51,3
971,97,2
971,103,3
971,1,2
971,98,4
971,10,3
971,19,3
971,66,3
971,88,3
971,53,3
972,33,3
972,31,3
972,79,3
972,73,3
972,59,3
972,66,3
972,1,3
972,37,3
972,89,3
972,82,3
973,41,3
973,42,3
973,96,3
973,1,3
973,108,3
973,100,3
973,34,3
973,79,2
973,24,3
973,9,3
974,100,3
974,28,3
974,33,3
974,9,3
974,104,4
974,61,4
974,56,3
974,76,3
974,93,3
974,77,3
975,48,3
975,78,2
975,84,3
975,68,3
975,8,2
975,93,3
975,98,3
975,33,3
975,5,3
975,53,2
976,59,3
976,36,3
976,66,4
976,11,3
976,97,3
976,77,3
976,63,3
976,33,4
976,92,2
976,18,3
977,34,3
977,72,3
977,7,3
977,69,3
977,105,3
977,60,3
977,46,3
977,22,3
977,32,3
977,85,3
978,69,5
978,14,4
978,59,5
978,28,4
978,20,3
978,49,3
978,2,5
978,91,3
978,43,3
978,6,3
979,72,3
979,47,3
979,79,3
979,58,3
979,81,3
979,86,3
979,94,3
979,10,3
979,53,2
979,66,4
980,87,3
980,32,3
980,100,3
980,103,3
980,36,3
980,93,3
980,26,3
980,28,3
980,82,3
980,55,3
981,47,4
981,73,3
981,91,3
981,25,3
981,99,3
981,21,3
981,65,3
981,31,3
981,3,3
981,106,3
982,28,3
982,7,3
982,103,3
982,52,3
982,48,3
982,39,2
982,98,3
982,102,3
982,71,3
982,31,3
983,57,3
983,45,3
983,108,3
983,20,3
983,12,4
983,44,3
983,64,3
983,80,3
983,65,3
983,69,3
984,34,2
984,58,5
984,19,3
984,88,3
984,93,3
984,42,3
984,91,3
984,25,3
984,18,3
984,59,3
985,52,3
985,80,4
985,66,5
985,25,3
985,8,3
985,82,3
985,42,2
985,39,5
985,106,3
985,1,3
986,15,3
986,66,3
986,48,5
986,12,2
986,74,3
986,3,3
986,55,5
986,99,4
986,87,3
986,24,3
987,72,4
987,15,3
987,88,3
987,66,3
987,56,3
987,27,3
987,36,3
987,12,3
987,99,4
987,108,3
988,23,3
988,75,3
988,41,3
988,98,3
988,96,2
988,46,2
988,16,3
988,1,3
988,49,3
988,17,5
989,96,4
989,102,3
989,15,3
989,79,3
989,70,3
989,54,3
989,52,3
989,6,2
989,30,3
989,94,3
990,43,4
990,38,3
990,19,2
990,8,3
990,72,3
990,94,5
990,30,5
990,70,3
990,47,3
990,83,3
991,23,3
991,46,2
991,17,3
991,74,3
991,31,3
991,102,3
991,35,3
991,44,3
991,37,3
991,77,3
992,10,3
992,101,3
992,44,3
992,21,3
992,30,3
992,15,3
992,3,3
992,56,3
992,93,3
992,8,3
993,28,3
993,102,3
993,61,4
993,99,3
993,69,3
993,4,3
993,23,4
993,65,3
993,104,3
993,47,2
994,27,3
994,42,3
994,44,3
994,50,3
994,51,3
994,87,3
994,66,3
994,24,3
994,40,5
994,103,3
995,81,5
995,51,3
995,28,3
995,10,3
995,42,3
995,36,5
995,46,3
995,59,4
995,61,2
995,41,3
996,19,3
996,17,3
996,84,3
996,26,3
996,63,3
996,24,3
996,80,2
996,85,3
996,73,3
996,100,3
997,108,3
997,98,3
997,99,3
997,100,3
997,92,4
997,68,3
997,46,3
997,26,3
997,27,3
997,101,3
998,9,3
998,28,3
998,83,3
998,36,3
998,17,5
998,71,3
998,35,3
998,50,3
998,76,2
998,8,3
999,76,3
999,44,3
999,28,3
999,91,3
999,81,3
999,26,3
999,106,3
999,66,3
999,3,5
999,45,4
1000,106,3
1000,28,3
1000,83,3
1000,3,3
1000,95,4
1000,64,3
1000,97,3
1000,21,3
1000,31,3
1000,55,5
